year,estimated_yield_kg_per_ha,ndvi.early,ndvi.mid,ndvi.late,organic_carbon,nitrogen_kg_per_ha,phosphorus_kg_per_ha,potassium_kg_per_ha,annual_avg_rainfall_mm,monsoon_rainfall_mm,avg_annual_temp_C,avg_max_temp_C,avg_min_temp_C,avg_relative_humidity_pct,growing_degree_days_GDD,soil_ph,season_Rabi,season_Zaid,monsoon_onset_day,monsoon_end_day,predicted_yield_tuned,district_Angul,district_Balangir,district_Balasore,district_Bargarh,district_Bhadrak,district_Boudh,district_Cuttack,district_Deogarh,district_Dhenkanal,district_Gajapati,district_Ganjam,district_Jagatsinghpur,district_Jajpur,district_Jharsuguda,district_Kalahandi,district_Kandhamal,district_Kendrapara,district_Kendujhar,district_Khordha,district_Koraput,district_Malkangiri,district_Mayurbhanj,district_Nabarangpur,district_Nayagarh,district_Nuapada,district_Puri,district_Rayagada,district_Sambalpur,district_Subarnapur,district_Sundargarh,soil_type_Alluvial,soil_type_Red_Yellow,soil_type_Laterite,soil_type_Mixed_Red_Black,crop_Paddy,crop_Maize,crop_Moong,crop_Mustard,crop_Sunflower,crop_Vegetables,crop_Jute,season_Kharif
2023,2755,0.43,0.55,0.64,0.72,399.4,20.0,295.0,1327,1042,24.5,32.2,20.1,81.8,5110,5.75,True,False,,,3223.5618,0,0,0,0,0,0,1,0,0,0,0,0,0,0,0,0,0,0,0,0,0,0,0,0,0,0,0,0,0,0,0,1,0,0,True,True,False,False,False,False,False,True
2023,2095,0.45,0.71,0.54,0.45,344.0,12.3,235.7,1232,900,25.5,37.5,21.7,66.0,5110,5.57,True,False,,,2114.7761,0,0,0,0,0,0,0,0,0,0,0,0,0,0,0,0,0,0,0,1,0,0,0,0,0,0,0,0,0,0,0,1,0,0,True,True,False,True,False,False,False,True
2023,1654,0.36,0.7,0.55,0.6,257.4,15.6,279.5,1375,953,25.3,35.7,20.0,71.3,5110,5.41,True,False,,,1773.6237,0,0,0,0,0,0,0,0,0,0,0,0,0,0,0,0,0,0,0,0,0,0,0,0,0,0,0,0,1,0,0,0,0,1,True,True,False,False,False,False,False,True
2023,3737,0.54,0.66,0.5,0.76,376.0,10.1,170.9,1570,1158,26.7,36.8,22.0,84.6,5110,6.52,False,False,,,3781.1584,0,0,0,0,0,0,0,0,0,0,0,0,0,0,1,0,0,0,0,0,0,0,0,0,0,0,0,0,0,0,1,0,0,0,False,True,False,False,False,False,False,False
2023,2650,0.4,0.56,0.54,0.79,209.8,11.5,235.4,1574,1043,25.1,34.9,21.4,79.3,5110,5.77,False,False,,,2744.9722,0,0,0,0,0,0,0,0,0,0,1,0,0,0,0,0,0,0,0,0,0,0,0,0,0,0,0,0,0,0,0,0,1,0,True,True,True,True,False,False,False,True
2023,2277,0.41,0.7,0.58,0.46,246.2,8.0,280.2,1221,911,25.7,32.7,18.8,60.7,5110,6.02,False,False,,,2438.1323,0,0,0,0,0,0,0,1,0,0,0,0,0,0,0,0,0,0,0,0,0,0,0,0,0,0,0,0,0,0,0,1,0,0,True,False,True,False,False,False,False,True
2023,2036,0.41,0.67,0.6,0.4,379.5,8.7,237.5,1437,1123,25.9,32.8,21.7,61.6,5110,5.98,False,True,,,2048.6848,0,0,0,0,0,0,0,0,0,0,0,0,0,0,0,0,0,0,0,0,0,0,0,0,0,0,0,0,1,0,1,0,0,0,False,False,False,False,False,False,False,False
2023,1845,0.4,0.71,0.6,0.76,251.2,24.6,257.7,1357,1171,24.0,36.1,18.5,71.6,5110,6.15,False,True,,,2052.3152,0,0,0,0,0,0,0,0,0,0,0,0,0,0,0,0,0,0,0,0,1,0,0,0,0,0,0,0,0,0,1,0,0,0,True,False,False,False,False,False,False,True
2023,2087,0.35,0.7,0.57,0.58,244.1,12.1,205.8,1237,1055,26.0,34.6,21.3,82.7,5110,6.73,False,True,,,2118.227,0,0,0,0,0,0,1,0,0,0,0,0,0,0,0,0,0,0,0,0,0,0,0,0,0,0,0,0,0,0,0,1,0,0,True,False,False,False,False,False,True,True
2024,2945,0.5,0.71,0.63,0.53,227.6,19.3,163.9,1429,907,24.5,33.2,19.5,73.5,5110,6.96,True,False,,,3106.9812,0,0,0,0,0,0,0,0,0,0,0,0,0,0,0,0,0,0,0,0,0,0,0,0,0,1,0,0,0,0,1,0,0,0,True,False,False,False,False,False,False,True
2024,1620,0.54,0.65,0.61,0.41,371.8,22.3,218.7,1564,1021,26.9,34.9,21.5,72.4,5110,5.82,True,False,,,2094.1592,0,0,0,0,0,0,0,0,0,0,0,0,0,0,0,0,0,0,1,0,0,0,0,0,0,0,0,0,0,0,0,1,0,0,False,False,False,False,False,False,False,False
2024,2072,0.39,0.58,0.6,0.67,300.0,17.4,209.2,1250,1063,24.4,32.4,21.5,62.6,5110,6.66,True,False,,,1859.3687,0,0,0,0,0,0,0,0,0,0,0,0,0,0,0,0,0,0,0,0,0,0,1,0,0,0,0,0,0,0,0,1,0,0,False,False,True,False,False,False,True,True
2024,4109,0.48,0.68,0.46,0.83,335.0,10.6,280.1,1463,989,25.2,35.5,21.2,76.4,5110,6.53,False,False,,,3955.674,0,0,0,0,0,0,0,0,0,0,1,0,0,0,0,0,0,0,0,0,0,0,0,0,0,0,0,0,0,0,0,1,0,0,True,True,False,False,False,False,False,True
2024,3108,0.5,0.67,0.45,0.88,247.8,20.4,186.6,1482,1035,24.3,33.6,21.2,80.6,5110,6.15,False,False,,,2772.3638,0,0,0,0,0,0,0,0,0,0,1,0,0,0,0,0,0,0,0,0,0,0,0,0,0,0,0,0,0,0,0,0,1,0,True,True,False,False,True,True,True,True
2024,2732,0.52,0.7,0.49,0.68,351.6,18.2,295.0,1226,1085,27.0,36.8,19.2,69.5,5110,6.91,False,False,,,2479.2275,0,0,0,0,0,0,0,0,0,0,0,0,0,0,0,0,0,0,0,0,0,0,0,1,0,0,0,0,0,0,0,1,0,0,False,False,False,False,False,False,False,False
2024,1838,0.43,0.58,0.58,0.66,352.0,20.4,293.7,1425,1077,25.5,33.9,18.3,79.4,5110,5.4,False,True,,,2034.8048,0,0,0,0,0,0,0,0,0,0,0,0,0,0,0,0,0,0,0,0,1,0,0,0,0,0,0,0,0,0,0,0,0,1,False,False,False,False,False,False,True,True
2024,2174,0.41,0.59,0.53,0.44,262.5,21.1,187.1,1476,927,25.8,34.7,19.6,84.1,5110,5.22,False,True,,,2032.6383,0,0,0,1,0,0,0,0,0,0,0,0,0,0,0,0,0,0,0,0,0,0,0,0,0,0,0,0,0,0,1,0,0,0,False,False,False,False,False,False,False,False
2024,2266,0.42,0.73,0.53,0.67,282.1,24.6,202.2,1485,1119,24.2,32.1,18.7,65.1,5110,6.71,False,True,,,2104.812,0,0,0,0,0,0,0,1,0,0,0,0,0,0,0,0,0,0,0,0,0,0,0,0,0,0,0,0,0,0,0,0,1,0,False,True,True,False,False,False,False,False
2023,2596,0.49,0.7,0.63,0.59,241.9,17.8,284.3,1296,940,26.2,32.4,20.8,73.1,5292,5.88,True,False,,,2828.074,0,0,0,0,0,0,0,0,0,0,0,0,0,0,0,0,0,0,0,0,0,0,0,1,0,0,0,0,0,0,1,0,0,0,False,False,False,False,False,False,False,False
2023,2329,0.51,0.73,0.63,0.7,395.3,13.8,295.0,1483,1127,24.6,34.4,19.4,67.2,5292,6.69,True,False,,,2156.9426,0,0,1,0,0,0,0,0,0,0,0,0,0,0,0,0,0,0,0,0,0,0,0,0,0,0,0,0,0,0,0,0,1,0,True,False,False,False,True,False,False,True
2023,1540,0.39,0.7,0.63,0.59,329.1,19.0,216.5,1566,1091,26.7,34.9,21.9,79.8,5292,6.79,True,False,,,1746.1389,0,0,0,0,0,0,0,0,0,0,0,0,0,0,0,0,0,0,0,0,0,1,0,0,0,0,0,0,0,0,0,0,0,1,False,False,False,True,False,False,False,False
2023,3962,0.42,0.67,0.51,0.52,386.9,9.2,198.1,1516,1044,24.6,35.6,20.6,74.4,5292,5.12,False,False,,,3975.07,0,0,0,0,0,0,0,0,0,0,0,0,0,0,0,0,0,0,0,0,1,0,0,0,0,0,0,0,0,0,0,0,1,0,True,False,False,False,False,False,False,True
2023,2660,0.53,0.68,0.59,0.45,260.7,23.3,228.9,1503,1100,24.6,33.7,21.3,75.9,5292,6.77,False,False,,,2647.4114,0,1,0,0,0,0,0,0,0,0,0,0,0,0,0,0,0,0,0,0,0,0,0,0,0,0,0,0,0,0,0,0,1,0,True,False,False,False,False,False,False,True
2023,2481,0.51,0.73,0.5,0.56,356.4,10.0,253.2,1346,1111,24.1,36.2,18.5,79.9,5292,5.9,False,False,,,2442.9824,0,0,0,0,0,0,0,0,0,0,0,0,0,0,0,0,0,0,0,0,0,0,0,1,0,0,0,0,0,0,0,0,1,0,False,False,False,False,False,True,False,False
2023,1839,0.55,0.67,0.49,0.45,353.2,13.6,191.0,1203,1119,25.4,37.2,21.4,69.9,5292,6.02,False,True,,,2008.2064,0,0,0,0,0,0,0,0,0,0,0,1,0,0,0,0,0,0,0,0,0,0,0,0,0,0,0,0,0,0,1,0,0,0,False,False,False,False,False,False,False,False
2023,1551,0.5,0.68,0.49,0.49,338.3,21.9,260.5,1234,1139,25.7,36.7,21.7,82.9,5292,6.25,False,True,,,1994.7987,0,0,0,0,0,0,0,0,0,0,0,0,0,0,0,0,0,0,0,0,0,0,0,0,0,0,0,0,0,1,0,1,0,0,False,False,False,False,False,False,False,False
2023,2150,0.43,0.58,0.52,0.89,393.1,18.2,157.7,1391,945,24.2,32.2,19.9,73.3,5292,6.85,False,True,,,2020.2701,0,0,0,0,0,1,0,0,0,0,0,0,0,0,0,0,0,0,0,0,0,0,0,0,0,0,0,0,0,0,1,0,0,0,True,True,True,False,False,False,False,True
2024,3663,0.47,0.64,0.54,0.62,278.7,14.7,157.4,1248,934,26.3,34.9,20.4,63.9,5292,5.04,True,False,,,3498.652,0,1,0,0,0,0,0,0,0,0,0,0,0,0,0,0,0,0,0,0,0,0,0,0,0,0,0,0,0,0,0,1,0,0,True,True,False,False,False,True,False,True
2024,1907,0.48,0.69,0.62,0.67,226.1,16.0,207.9,1216,1152,25.4,32.6,21.1,77.4,5292,5.95,True,False,,,2052.6946,0,0,0,0,0,0,0,0,0,0,0,0,0,0,0,0,0,0,0,0,0,0,0,0,0,0,0,1,0,0,1,0,0,0,False,False,False,True,True,False,False,False
2024,1968,0.37,0.6,0.47,0.84,334.3,22.5,203.0,1371,981,25.6,33.5,18.7,79.8,5292,6.38,True,False,,,1876.4163,0,0,0,0,0,0,0,0,0,0,0,0,0,0,0,0,0,0,0,0,1,0,0,0,0,0,0,0,0,0,0,0,0,1,True,True,False,False,False,False,False,True
2024,2672,0.46,0.59,0.6,0.9,345.9,13.8,197.3,1419,1155,25.3,37.9,20.0,67.9,5292,6.45,False,False,,,3868.597,1,0,0,0,0,0,0,0,0,0,0,0,0,0,0,0,0,0,0,0,0,0,0,0,0,0,0,0,0,0,0,0,0,1,False,False,False,False,False,False,False,False
2024,2920,0.49,0.61,0.56,0.69,315.0,22.8,223.7,1357,1096,25.2,32.9,19.6,81.4,5292,6.39,False,False,,,2732.4348,0,0,0,0,0,0,0,0,0,0,0,1,0,0,0,0,0,0,0,0,0,0,0,0,0,0,0,0,0,0,0,0,1,0,True,True,False,False,False,False,False,True
2024,2217,0.38,0.6,0.51,0.81,241.4,9.5,198.1,1245,909,25.7,35.0,18.6,82.7,5292,5.27,False,False,,,2354.5688,0,0,0,0,0,0,0,0,0,0,0,0,0,0,0,0,0,0,0,0,0,0,0,0,0,1,0,0,0,0,0,0,0,1,True,False,False,False,False,False,False,True
2024,2421,0.51,0.59,0.55,0.56,300.9,21.2,178.8,1572,1185,24.5,35.7,19.5,66.9,5292,5.6,False,True,,,2075.296,0,0,0,0,0,0,0,0,0,0,0,0,0,0,0,0,0,0,0,0,0,1,0,0,0,0,0,0,0,0,0,0,1,0,False,False,False,True,False,True,False,False
2024,2030,0.47,0.63,0.51,0.55,262.4,22.4,196.4,1205,1141,24.5,36.2,18.3,84.6,5292,5.72,False,True,,,1973.7341,0,0,0,0,0,0,0,0,0,0,0,0,0,0,0,0,0,0,0,0,0,0,0,0,0,0,0,0,1,0,0,1,0,0,True,False,False,True,False,False,False,True
2024,1870,0.54,0.73,0.57,0.6,285.5,11.1,296.2,1298,1150,26.6,35.4,18.1,63.5,5292,6.61,False,True,,,1975.9628,0,0,0,0,0,0,0,0,0,0,0,1,0,0,0,0,0,0,0,0,0,0,0,0,0,0,0,0,0,0,0,0,0,1,True,True,False,True,False,False,False,True
2023,3335,0.36,0.65,0.54,0.74,329.0,15.3,211.7,1579,904,26.8,32.1,18.5,65.1,5292,5.56,True,False,,,3371.5776,0,0,0,0,0,0,0,0,0,0,0,0,0,0,0,0,0,0,0,0,0,0,0,0,1,0,0,0,0,0,0,1,0,0,False,False,False,False,False,False,False,False
2023,1997,0.4,0.59,0.48,0.74,349.0,10.8,216.7,1432,1018,25.1,34.0,21.9,64.6,5292,5.42,True,False,,,2263.3687,0,0,0,0,0,0,0,0,0,0,0,0,0,0,0,0,1,0,0,0,0,0,0,0,0,0,0,0,0,0,1,0,0,0,True,False,False,False,False,False,False,True
2023,2151,0.47,0.57,0.47,0.56,246.4,20.0,236.5,1236,1188,24.8,35.1,20.2,82.3,5292,6.91,True,False,,,2049.7397,0,0,0,0,0,0,0,0,0,0,0,0,0,0,0,0,0,0,0,0,0,0,0,0,0,0,1,0,0,0,0,1,0,0,False,False,False,False,False,False,True,True
2023,4696,0.41,0.69,0.56,0.47,281.1,17.1,297.5,1479,964,25.9,32.5,21.9,76.4,5292,5.02,False,False,,,4420.305,0,0,0,0,0,0,0,0,0,0,0,0,0,0,0,0,0,0,0,0,0,0,0,0,0,0,1,0,0,0,1,0,0,0,True,False,True,False,False,False,False,True
2023,3397,0.49,0.63,0.63,0.72,253.8,18.8,186.2,1548,1045,25.2,34.1,19.7,63.8,5292,7.0,False,False,,,2963.277,0,0,0,0,0,0,0,0,0,1,0,0,0,0,0,0,0,0,0,0,0,0,0,0,0,0,0,0,0,0,0,1,0,0,True,False,False,False,False,False,False,True
2023,2762,0.5,0.71,0.52,0.46,239.7,11.3,252.2,1501,1123,24.1,32.2,19.2,71.0,5292,6.35,False,False,,,2672.628,0,0,0,0,0,0,0,0,0,0,0,0,0,0,0,0,0,0,0,0,0,0,0,0,0,0,0,1,0,0,0,1,0,0,True,True,False,True,False,False,False,True
2023,2186,0.37,0.68,0.6,0.69,356.7,11.6,257.4,1380,1138,24.5,32.5,20.0,75.4,5292,6.66,False,True,,,2156.5151,0,0,0,0,0,0,0,0,0,0,0,0,0,0,0,0,0,0,0,0,0,0,0,0,0,0,0,1,0,0,0,0,0,1,True,True,False,False,False,False,False,True
2023,1951,0.45,0.71,0.58,0.75,381.9,8.7,241.1,1294,1076,26.1,34.4,19.8,62.1,5292,5.59,False,True,,,2155.59,0,0,0,0,0,0,0,0,0,0,0,0,0,0,0,1,0,0,0,0,0,0,0,0,0,0,0,0,0,0,0,1,0,0,True,False,False,False,False,False,False,True
2023,2313,0.45,0.6,0.64,0.75,274.0,13.5,163.3,1298,1166,26.0,32.8,18.4,82.1,5292,5.03,False,True,,,2243.747,0,0,0,0,0,0,0,0,0,0,0,0,0,0,1,0,0,0,0,0,0,0,0,0,0,0,0,0,0,0,0,0,0,1,True,False,False,False,False,False,True,True
2024,3410,0.42,0.69,0.61,0.78,350.3,17.5,251.5,1387,1181,24.1,35.4,20.6,80.1,5292,6.48,True,False,,,3387.5457,0,0,0,0,0,0,0,0,0,0,0,0,0,0,0,0,0,0,0,0,0,0,0,0,0,0,0,0,0,1,0,0,0,1,True,False,False,False,False,False,False,True
2024,1567,0.54,0.6,0.56,0.84,379.4,22.6,159.6,1315,962,24.7,36.1,18.9,72.6,5292,6.67,True,False,,,2296.4424,0,0,0,0,0,0,0,0,0,0,0,0,0,0,0,0,0,0,0,0,0,0,0,0,0,0,0,0,0,1,0,0,1,0,True,False,True,False,False,False,False,True
2024,2097,0.52,0.74,0.58,0.65,369.2,19.3,239.4,1390,1116,24.7,36.8,20.5,84.2,5292,6.48,True,False,,,2042.4402,0,0,0,0,0,0,0,0,0,0,0,0,0,0,1,0,0,0,0,0,0,0,0,0,0,0,0,0,0,0,0,0,1,0,True,True,False,False,False,True,False,True
2024,4113,0.49,0.68,0.63,0.77,236.6,15.4,260.9,1452,1182,26.0,33.2,20.6,70.4,5292,5.29,False,False,,,4026.0427,0,0,0,0,0,0,0,0,0,0,0,0,0,0,0,0,0,0,0,0,0,0,0,0,0,0,0,0,0,1,1,0,0,0,True,False,False,False,False,False,False,True
2024,3096,0.49,0.61,0.53,0.71,391.3,24.2,181.6,1360,1076,24.1,33.0,18.6,84.6,5292,6.51,False,False,,,2991.9895,0,0,0,0,0,0,0,0,0,0,0,0,0,0,0,0,0,0,1,0,0,0,0,0,0,0,0,0,0,0,0,1,0,0,True,True,False,False,False,False,False,True
2024,2814,0.44,0.6,0.52,0.49,275.3,20.2,276.2,1455,997,24.3,32.6,18.2,76.7,5292,6.54,False,False,,,2676.4846,0,0,0,0,0,0,0,0,0,0,0,1,0,0,0,0,0,0,0,0,0,0,0,0,0,0,0,0,0,0,1,0,0,0,True,True,False,False,False,True,False,True
2024,2397,0.53,0.59,0.45,0.41,267.8,23.8,154.6,1522,1004,26.4,35.8,21.1,75.9,5292,6.32,False,True,,,2174.6443,0,0,0,0,0,0,0,0,0,0,0,0,0,0,0,0,0,0,0,0,0,0,1,0,0,0,0,0,0,0,0,1,0,0,True,False,False,False,False,False,False,True
2024,2127,0.49,0.69,0.62,0.54,212.5,17.0,276.6,1327,998,24.5,36.2,19.8,64.1,5292,6.53,False,True,,,2132.0437,0,0,0,0,0,0,0,0,0,0,0,0,0,0,0,0,0,0,0,1,0,0,0,0,0,0,0,0,0,0,0,0,1,0,False,False,False,False,False,True,False,False
2024,2282,0.5,0.59,0.61,0.62,297.2,12.4,219.0,1217,905,26.0,32.2,18.2,82.0,5292,6.69,False,True,,,2181.2764,0,0,0,0,0,0,0,0,0,0,0,0,0,0,0,0,0,0,0,0,0,0,0,0,1,0,0,0,0,0,0,0,1,0,True,False,False,False,False,False,False,True
2023,3551,0.52,0.67,0.47,0.71,221.8,8.9,182.6,1480,1096,24.7,37.6,22.0,70.7,5110,6.23,True,False,,,3318.5598,0,0,1,0,0,0,0,0,0,0,0,0,0,0,0,0,0,0,0,0,0,0,0,0,0,0,0,0,0,0,0,1,0,0,False,False,True,False,False,False,False,True
2023,1928,0.4,0.6,0.57,0.82,249.7,20.3,170.1,1422,1032,24.3,32.3,18.2,64.1,5110,5.18,True,False,,,2160.0244,0,0,0,0,1,0,0,0,0,0,0,0,0,0,0,0,0,0,0,0,0,0,0,0,0,0,0,0,0,0,0,1,0,0,True,False,False,False,False,False,False,True
2023,1559,0.51,0.68,0.54,0.5,263.4,10.1,293.0,1253,1158,24.7,35.2,20.8,60.3,5110,5.98,True,False,,,1875.2024,0,0,0,0,0,0,0,0,0,0,0,0,0,0,0,0,0,0,1,0,0,0,0,0,0,0,0,0,0,0,0,0,1,0,False,False,False,False,False,False,False,False
2023,4488,0.39,0.71,0.47,0.46,361.8,13.1,160.9,1257,922,26.2,36.3,21.9,74.0,5110,5.16,False,False,,,4295.963,0,0,0,0,0,0,1,0,0,0,0,0,0,0,0,0,0,0,0,0,0,0,0,0,0,0,0,0,0,0,0,0,1,0,True,False,False,False,False,True,True,True
2023,2756,0.42,0.71,0.65,0.88,375.1,17.1,179.9,1522,952,26.6,37.2,19.0,73.2,5110,5.82,False,False,,,2807.3184,0,0,0,0,0,0,0,0,0,0,0,0,0,0,0,0,0,0,0,0,1,0,0,0,0,0,0,0,0,0,1,0,0,0,True,False,False,False,False,False,False,True
2023,2722,0.42,0.7,0.49,0.45,260.5,17.6,202.2,1559,1064,26.5,36.3,18.6,78.0,5110,5.81,False,False,,,2484.3623,0,0,0,0,0,0,0,0,1,0,0,0,0,0,0,0,0,0,0,0,0,0,0,0,0,0,0,0,0,0,0,0,1,0,False,True,False,False,False,False,False,False
2023,1722,0.55,0.59,0.46,0.64,371.7,18.2,243.0,1373,1101,25.2,36.8,18.5,82.3,5110,5.13,False,True,,,1969.3375,0,0,0,0,0,0,1,0,0,0,0,0,0,0,0,0,0,0,0,0,0,0,0,0,0,0,0,0,0,0,0,1,0,0,True,False,False,False,False,False,False,True
2023,1846,0.52,0.57,0.57,0.69,371.4,10.8,231.7,1479,982,26.0,34.0,19.2,62.0,5110,5.7,False,True,,,2022.0745,0,0,0,0,0,0,0,0,0,0,0,0,0,0,0,0,0,1,0,0,0,0,0,0,0,0,0,0,0,0,1,0,0,0,True,False,False,True,False,False,False,True
2023,2317,0.49,0.69,0.6,0.67,352.9,14.5,168.8,1313,1044,24.6,36.9,18.4,78.3,5110,5.22,False,True,,,2018.2913,0,0,0,1,0,0,0,0,0,0,0,0,0,0,0,0,0,0,0,0,0,0,0,0,0,0,0,0,0,0,0,1,0,0,True,True,True,False,False,False,False,True
2024,3220,0.5,0.62,0.46,0.44,229.3,18.5,193.5,1487,984,24.9,32.5,20.8,64.7,5110,6.62,True,False,,,3321.6304,0,0,0,0,0,0,0,0,0,0,0,0,0,0,0,0,0,0,0,0,0,0,0,0,1,0,0,0,0,0,0,0,0,1,True,False,False,False,False,False,False,True
2024,2091,0.46,0.64,0.58,0.43,338.1,24.5,185.8,1541,977,26.7,37.4,18.2,81.5,5110,6.9,True,False,,,2173.2405,0,0,0,0,0,0,0,0,0,0,0,0,0,0,0,0,0,0,0,0,0,0,0,0,0,0,0,1,0,0,1,0,0,0,True,False,False,False,False,False,True,True
2024,1864,0.54,0.56,0.56,0.45,389.0,20.4,182.0,1350,900,24.0,35.3,20.0,80.5,5110,5.14,True,False,,,1885.2614,0,0,0,0,0,0,0,0,0,0,0,0,0,1,0,0,0,0,0,0,0,0,0,0,0,0,0,0,0,0,0,1,0,0,False,False,False,False,False,False,False,False
2024,4116,0.45,0.6,0.47,0.69,336.5,23.7,211.7,1326,950,24.3,36.9,22.0,73.5,5110,6.91,False,False,,,4068.4998,0,0,0,0,0,0,0,0,0,0,0,0,0,0,0,0,0,1,0,0,0,0,0,0,0,0,0,0,0,0,0,0,1,0,True,False,True,False,False,False,False,True
2024,2861,0.43,0.56,0.48,0.67,266.3,21.0,255.6,1354,1072,24.6,34.7,21.3,77.8,5110,6.05,False,False,,,2752.0667,0,0,0,0,0,0,0,0,0,0,0,0,0,0,0,0,0,0,0,0,0,0,0,0,0,1,0,0,0,0,0,0,0,1,True,False,True,False,False,False,False,True
2024,1963,0.38,0.73,0.56,0.52,300.1,18.1,182.6,1585,1104,24.1,35.9,20.5,67.9,5110,5.6,False,False,,,2457.4048,0,0,0,0,0,0,0,0,1,0,0,0,0,0,0,0,0,0,0,0,0,0,0,0,0,0,0,0,0,0,0,1,0,0,False,True,False,False,False,False,False,False
2024,2107,0.51,0.6,0.51,0.72,329.1,11.3,205.0,1472,1159,24.5,35.2,19.2,71.8,5110,5.15,False,True,,,1991.0916,0,0,0,0,0,0,0,0,0,0,0,0,0,0,0,0,0,0,0,0,0,0,0,0,0,1,0,0,0,0,1,0,0,0,True,False,False,False,False,True,False,True
2024,2468,0.5,0.66,0.64,0.81,302.1,19.3,208.6,1303,1187,25.7,36.4,20.5,80.5,5110,6.0,False,True,,,2035.5311,0,0,0,0,0,0,0,0,0,0,0,0,0,0,0,0,0,0,0,0,1,0,0,0,0,0,0,0,0,0,0,1,0,0,True,False,False,False,False,False,False,True
2024,2038,0.43,0.56,0.61,0.42,224.0,18.6,296.5,1592,933,25.3,32.5,20.1,71.5,5110,6.59,False,True,,,2010.0486,0,1,0,0,0,0,0,0,0,0,0,0,0,0,0,0,0,0,0,0,0,0,0,0,0,0,0,0,0,0,0,0,0,1,True,True,False,False,False,False,False,True
2023,3745,0.36,0.68,0.65,0.65,262.4,18.2,293.2,1498,994,26.7,32.4,19.7,68.9,5110,6.41,True,False,,,3318.7478,0,0,0,0,0,0,0,0,0,0,0,0,0,0,0,0,0,0,0,1,0,0,0,0,0,0,0,0,0,0,1,0,0,0,False,False,False,False,False,False,False,False
2023,2248,0.52,0.61,0.5,0.74,360.5,16.3,270.0,1445,971,26.5,33.5,18.5,72.4,5110,5.1,True,False,,,2135.266,0,0,0,0,0,0,0,0,0,0,0,0,0,0,0,0,0,0,0,0,0,0,0,0,0,0,0,1,0,0,0,0,0,1,True,True,False,False,False,False,False,True
2023,1607,0.35,0.73,0.64,0.53,372.3,17.0,186.2,1375,938,25.0,33.0,21.5,80.7,5110,5.15,True,False,,,1750.1461,0,0,0,0,0,0,0,0,0,0,0,0,0,0,1,0,0,0,0,0,0,0,0,0,0,0,0,0,0,0,0,1,0,0,True,False,False,False,False,False,False,True
2023,4830,0.49,0.73,0.54,0.55,227.5,13.7,160.2,1238,1053,24.8,37.2,19.8,68.4,5110,5.81,False,False,,,4422.7354,0,0,0,0,0,0,0,0,0,0,0,0,0,0,0,0,0,0,0,0,0,0,0,0,0,0,0,1,0,0,0,0,1,0,True,True,False,False,False,False,False,True
2023,2932,0.54,0.62,0.52,0.71,390.5,16.8,197.5,1369,1149,25.1,33.3,18.8,64.3,5110,5.59,False,False,,,2766.7903,0,0,0,0,0,0,1,0,0,0,0,0,0,0,0,0,0,0,0,0,0,0,0,0,0,0,0,0,0,0,0,0,1,0,False,False,False,False,False,False,False,False
2023,2995,0.44,0.73,0.46,0.85,265.8,11.4,190.0,1446,1061,25.8,37.9,19.5,77.8,5110,5.46,False,False,,,2470.1438,0,0,0,0,0,0,0,0,0,0,0,1,0,0,0,0,0,0,0,0,0,0,0,0,0,0,0,0,0,0,0,1,0,0,True,False,True,False,False,False,True,True
2023,1928,0.4,0.75,0.46,0.8,332.5,21.7,225.9,1225,1017,24.8,34.0,19.7,80.6,5110,5.56,False,True,,,2111.5918,0,0,0,0,0,0,0,0,0,0,0,0,0,0,0,0,0,0,0,0,0,0,0,0,0,0,0,0,1,0,0,1,0,0,False,False,False,False,False,False,False,False
2023,2561,0.49,0.72,0.59,0.69,350.4,11.2,266.7,1554,1158,25.9,33.1,21.3,62.5,5110,6.61,False,True,,,2140.766,0,0,0,0,0,0,0,1,0,0,0,0,0,0,0,0,0,0,0,0,0,0,0,0,0,0,0,0,0,0,0,1,0,0,False,False,False,True,False,False,False,False
2023,2462,0.51,0.72,0.54,0.77,362.4,9.4,278.7,1505,1167,25.2,36.7,20.9,66.0,5110,6.86,False,True,,,2176.6748,0,0,0,0,0,0,0,0,0,0,0,0,0,0,1,0,0,0,0,0,0,0,0,0,0,0,0,0,0,0,1,0,0,0,True,False,False,False,False,False,False,True
2024,3729,0.46,0.6,0.5,0.58,389.1,15.4,276.7,1212,953,25.7,36.0,21.1,63.5,5110,5.81,True,False,,,3410.403,0,0,1,0,0,0,0,0,0,0,0,0,0,0,0,0,0,0,0,0,0,0,0,0,0,0,0,0,0,0,0,0,0,1,True,False,False,False,False,False,False,True
2024,1939,0.54,0.67,0.57,0.72,262.6,19.2,204.0,1515,1135,25.3,35.0,18.0,68.7,5110,6.81,True,False,,,2104.5444,0,0,0,0,0,0,0,0,0,0,0,0,0,1,0,0,0,0,0,0,0,0,0,0,0,0,0,0,0,0,0,0,0,1,True,False,True,False,False,False,False,True
2024,1815,0.36,0.56,0.5,0.63,371.7,15.4,253.1,1590,1121,24.9,35.3,19.7,71.3,5110,5.64,True,False,,,1749.703,0,0,0,0,0,0,0,0,0,0,0,0,0,0,0,0,1,0,0,0,0,0,0,0,0,0,0,0,0,0,0,0,0,1,False,False,False,False,False,False,False,True
2024,4343,0.45,0.57,0.57,0.49,226.3,12.7,196.9,1512,1150,26.8,36.3,19.9,78.7,5110,5.95,False,False,,,4327.218,0,0,0,1,0,0,0,0,0,0,0,0,0,0,0,0,0,0,0,0,0,0,0,0,0,0,0,0,0,0,0,1,0,0,True,False,False,False,False,False,False,True
2024,2824,0.49,0.75,0.52,0.75,341.0,17.5,159.1,1235,1011,26.3,33.4,18.1,76.3,5110,5.45,False,False,,,2771.5537,0,0,0,0,0,0,0,0,0,0,0,0,0,0,0,0,0,1,0,0,0,0,0,0,0,0,0,0,0,0,0,0,0,1,False,False,False,False,False,False,False,False
2024,2354,0.52,0.62,0.61,0.68,348.4,13.9,255.2,1372,1154,24.4,38.0,19.0,75.5,5110,6.28,False,False,,,2503.1091,0,0,0,0,0,0,0,1,0,0,0,0,0,0,0,0,0,0,0,0,0,0,0,0,0,0,0,0,0,0,0,1,0,0,True,True,False,False,False,False,False,True
2024,2062,0.39,0.7,0.61,0.58,335.5,23.9,151.5,1219,1106,26.6,37.8,21.0,68.8,5110,6.96,False,True,,,2099.9944,0,0,0,1,0,0,0,0,0,0,0,0,0,0,0,0,0,0,0,0,0,0,0,0,0,0,0,0,0,0,1,0,0,0,True,False,False,False,False,False,False,True
2024,2285,0.51,0.71,0.55,0.86,250.5,23.7,211.4,1520,1128,25.5,35.9,18.5,81.0,5110,6.21,False,True,,,2163.3535,0,1,0,0,0,0,0,0,0,0,0,0,0,0,0,0,0,0,0,0,0,0,0,0,0,0,0,0,0,0,0,0,1,0,False,True,False,False,False,False,False,False
2024,2435,0.46,0.72,0.52,0.41,374.6,16.5,199.4,1463,965,26.7,33.2,20.1,71.8,5110,5.72,False,True,,,2221.3691,0,0,0,0,0,0,0,0,0,0,0,0,0,0,0,0,0,0,0,0,0,0,0,0,0,0,0,0,0,1,0,1,0,0,False,False,True,False,False,True,True,True
2023,2484,0.43,0.75,0.52,0.56,233.8,13.6,254.0,1599,974,26.4,36.1,18.9,84.5,5840,6.3,True,False,,,3089.338,0,0,0,0,0,1,0,0,0,0,0,0,0,0,0,0,0,0,0,0,0,0,0,0,0,0,0,0,0,0,0,1,0,0,True,False,False,True,False,False,False,True
2023,1633,0.38,0.6,0.61,0.43,210.7,20.5,264.9,1341,1002,25.3,32.4,18.0,75.9,5840,5.25,True,False,,,2038.3878,0,0,0,0,0,0,0,0,0,0,0,0,0,0,0,0,0,0,0,0,0,1,0,0,0,0,0,0,0,0,0,0,1,0,False,False,False,False,False,True,False,True
2023,1698,0.52,0.56,0.52,0.78,343.5,8.6,195.6,1570,1091,24.1,32.2,19.0,63.2,5840,6.78,True,False,,,1736.3136,0,0,0,0,0,0,0,0,0,1,0,0,0,0,0,0,0,0,0,0,0,0,0,0,0,0,0,0,0,0,0,0,1,0,False,False,False,False,False,False,False,False
2023,4130,0.38,0.63,0.49,0.75,295.1,16.1,271.7,1342,1151,24.8,33.5,21.9,76.9,5840,6.01,False,False,,,3976.497,0,0,0,1,0,0,0,0,0,0,0,0,0,0,0,0,0,0,0,0,0,0,0,0,0,0,0,0,0,0,1,0,0,0,True,False,False,False,False,False,True,True
2023,2705,0.41,0.58,0.47,0.57,369.8,13.7,194.1,1291,1125,25.6,34.8,21.2,68.1,5840,5.9,False,False,,,2664.8906,0,0,0,0,0,0,0,0,0,0,0,0,0,0,0,0,0,0,0,0,0,1,0,0,0,0,0,0,0,0,0,0,0,1,True,True,False,False,False,False,False,True
2023,2316,0.41,0.55,0.54,0.74,276.7,23.6,216.9,1553,1193,25.9,37.2,21.8,77.2,5840,6.17,False,False,,,2422.8394,0,0,0,0,0,0,0,0,0,0,0,0,0,0,0,0,0,0,0,0,0,0,0,0,0,0,0,0,1,0,0,1,0,0,True,False,False,False,False,False,False,True
2023,2361,0.52,0.62,0.55,0.6,233.7,8.2,259.1,1521,997,24.8,36.4,20.0,61.7,5840,6.25,False,True,,,2032.2273,0,0,0,0,0,0,0,0,0,0,0,0,0,0,0,0,0,1,0,0,0,0,0,0,0,0,0,0,0,0,0,0,0,1,True,False,False,False,True,False,False,True
2023,1641,0.48,0.71,0.62,0.78,367.3,17.4,253.9,1487,1185,24.4,36.5,18.4,64.4,5840,5.14,False,True,,,1989.682,0,0,0,0,0,0,0,0,0,0,0,0,0,0,0,0,0,0,0,0,0,0,0,0,0,1,0,0,0,0,0,1,0,0,True,True,False,True,True,False,False,True
2023,1372,0.51,0.66,0.49,0.63,309.8,20.6,298.1,1414,1148,26.5,34.6,20.2,81.4,5840,6.37,False,True,,,1981.113,0,0,0,0,0,0,0,0,0,0,0,1,0,0,0,0,0,0,0,0,0,0,0,0,0,0,0,0,0,0,1,0,0,0,True,False,False,False,False,False,False,True
2024,3908,0.4,0.61,0.53,0.61,237.8,16.2,183.8,1541,1065,27.0,34.1,19.8,65.7,5840,5.48,True,False,,,3581.5845,0,1,0,0,0,0,0,0,0,0,0,0,0,0,0,0,0,0,0,0,0,0,0,0,0,0,0,0,0,0,0,0,1,0,True,False,False,False,False,False,False,True
2024,1870,0.47,0.68,0.61,0.87,344.1,9.5,249.3,1250,929,25.6,34.2,21.4,80.9,5840,6.43,True,False,,,2063.1326,0,0,0,0,0,0,0,0,0,1,0,0,0,0,0,0,0,0,0,0,0,0,0,0,0,0,0,0,0,0,1,0,0,0,False,False,False,False,False,True,False,False
2024,1850,0.46,0.6,0.61,0.53,302.2,24.5,241.5,1352,1146,24.5,37.9,18.4,67.0,5840,6.65,True,False,,,1802.4526,0,0,0,0,0,0,0,0,0,0,0,0,0,0,0,0,0,0,0,0,0,0,0,0,0,0,0,0,0,1,0,0,1,0,True,False,True,False,False,True,False,True
2024,4577,0.52,0.55,0.53,0.46,320.9,16.8,287.3,1385,1005,24.8,32.2,20.0,76.1,5840,6.61,False,False,,,4266.662,0,0,0,1,0,0,0,0,0,0,0,0,0,0,0,0,0,0,0,0,0,0,0,0,0,0,0,0,0,0,0,0,0,1,False,False,True,False,False,True,False,False
2024,2632,0.53,0.7,0.54,0.69,292.2,18.4,173.5,1262,950,24.1,37.2,18.6,77.4,5840,6.11,False,False,,,2722.1907,0,0,0,0,0,0,0,0,0,0,0,0,0,1,0,0,0,0,0,0,0,0,0,0,0,0,0,0,0,0,0,0,0,1,False,False,False,False,True,True,False,True
2024,1888,0.35,0.67,0.51,0.88,365.7,12.0,262.8,1389,980,26.7,35.5,19.3,72.8,5840,6.04,False,False,,,2409.1716,0,0,0,0,0,0,0,0,0,0,0,0,0,0,0,1,0,0,0,0,0,0,0,0,0,0,0,0,0,0,1,0,0,0,True,False,False,False,False,False,False,True
2024,2471,0.48,0.7,0.64,0.59,365.9,16.2,235.2,1324,1032,24.4,34.6,20.9,67.6,5840,5.29,False,True,,,2093.246,0,0,0,0,0,0,0,0,0,0,0,0,0,0,1,0,0,0,0,0,0,0,0,0,0,0,0,0,0,0,0,0,1,0,False,True,False,False,False,False,False,True
2024,2381,0.36,0.56,0.47,0.43,341.9,15.3,191.2,1349,1184,25.7,36.4,19.9,65.3,5840,6.55,False,True,,,2077.9636,0,0,0,0,0,0,0,1,0,0,0,0,0,0,0,0,0,0,0,0,0,0,0,0,0,0,0,0,0,0,1,0,0,0,True,True,False,True,True,True,False,True
2024,2231,0.46,0.72,0.64,0.57,221.1,9.3,221.2,1513,1037,24.8,34.9,19.5,60.8,5840,5.54,False,True,,,2097.8367,0,0,0,0,0,0,0,0,0,0,0,0,0,1,0,0,0,0,0,0,0,0,0,0,0,0,0,0,0,0,0,0,1,0,True,False,False,False,False,True,False,True
2023,3227,0.41,0.67,0.59,0.65,367.8,9.8,200.1,1257,1083,25.7,37.2,19.6,67.6,5292,5.99,True,False,,,3295.8118,0,0,0,0,0,0,0,0,0,0,0,0,0,0,0,0,0,0,0,0,0,0,1,0,0,0,0,0,0,0,0,0,1,0,False,False,False,False,False,False,False,False
2023,2295,0.41,0.66,0.56,0.48,334.2,22.2,236.9,1541,1172,26.0,37.4,19.8,76.3,5292,5.57,True,False,,,2160.71,0,0,0,0,0,0,0,0,0,0,0,0,0,0,0,0,0,0,0,0,0,0,0,0,0,0,0,1,0,0,0,0,0,1,True,False,False,False,False,False,False,True
2023,1692,0.42,0.67,0.46,0.73,339.4,12.1,283.4,1504,968,26.5,34.5,21.1,83.5,5292,5.27,True,False,,,1841.5947,0,0,0,0,0,0,0,0,0,0,0,0,0,0,0,0,0,0,0,0,0,0,0,0,1,0,0,0,0,0,0,0,0,1,True,True,False,False,False,False,False,True
2023,4929,0.47,0.72,0.55,0.9,272.6,11.3,235.4,1379,933,24.6,33.7,21.6,81.8,5292,6.26,False,False,,,4431.029,0,0,0,0,0,0,0,0,0,0,0,0,0,0,0,0,0,0,0,0,0,0,0,0,0,0,0,0,0,1,0,0,1,0,True,True,True,False,False,False,False,True
2023,2761,0.42,0.67,0.53,0.63,375.9,16.6,244.8,1369,1161,24.0,35.6,21.8,79.2,5292,5.11,False,False,,,2780.1772,0,0,0,0,0,0,0,1,0,0,0,0,0,0,0,0,0,0,0,0,0,0,0,0,0,0,0,0,0,0,0,0,1,0,True,False,False,False,False,False,False,True
2023,2792,0.5,0.67,0.48,0.58,345.1,21.1,227.8,1525,952,24.4,37.5,21.1,79.7,5292,6.5,False,False,,,2472.448,0,0,0,0,0,0,0,0,0,0,0,0,0,0,0,0,0,0,0,0,1,0,0,0,0,0,0,0,0,0,0,0,1,0,True,False,False,True,False,True,False,True
2023,1426,0.43,0.75,0.58,0.6,222.5,9.1,157.7,1470,1104,26.7,33.3,19.3,76.6,5292,5.64,False,True,,,1912.1229,0,0,0,0,0,0,0,0,0,0,0,0,0,0,0,1,0,0,0,0,0,0,0,0,0,0,0,0,0,0,0,0,0,1,True,False,True,False,False,False,False,True
2023,2108,0.36,0.7,0.64,0.46,281.6,17.8,184.9,1253,1025,26.6,35.7,20.8,66.5,5292,5.0,False,True,,,2042.0248,0,0,0,0,0,0,0,0,0,0,0,0,1,0,0,0,0,0,0,0,0,0,0,0,0,0,0,0,0,0,0,0,0,1,False,False,False,False,False,False,False,False
2023,2222,0.51,0.64,0.56,0.84,377.3,10.0,223.8,1300,1134,25.8,35.8,19.8,82.7,5292,6.02,False,True,,,2038.7903,0,0,0,0,0,0,0,0,0,0,0,0,0,0,0,0,0,1,0,0,0,0,0,0,0,0,0,0,0,0,0,1,0,0,True,True,False,False,False,False,False,True
2024,3790,0.41,0.69,0.59,0.61,209.4,8.6,196.5,1463,942,25.8,36.4,19.0,76.8,5292,5.09,True,False,,,3539.7837,0,0,0,0,0,0,0,0,0,0,0,0,0,0,1,0,0,0,0,0,0,0,0,0,0,0,0,0,0,0,0,0,1,0,True,False,False,False,False,False,False,True
2024,2088,0.44,0.63,0.46,0.59,392.3,8.9,177.3,1252,1139,26.0,32.8,21.4,74.0,5292,5.55,True,False,,,2184.365,0,0,0,0,0,0,0,0,0,0,0,0,0,0,0,0,0,0,0,0,1,0,0,0,0,0,0,0,0,0,0,1,0,0,True,False,False,False,False,False,False,True
2024,1525,0.49,0.6,0.53,0.73,335.8,22.2,225.6,1259,1010,24.5,36.3,18.2,62.8,5292,6.41,True,False,,,1796.8849,0,0,0,0,0,0,0,0,0,0,0,0,0,0,0,0,0,0,0,0,0,0,0,1,0,0,0,0,0,0,0,0,1,0,False,True,True,False,False,False,False,False
2024,3945,0.42,0.67,0.47,0.62,326.3,10.0,198.4,1307,1148,26.7,37.5,21.6,71.2,5292,5.13,False,False,,,3987.2446,0,0,0,0,0,0,0,0,0,0,0,0,0,0,0,0,0,0,0,0,0,0,0,0,0,1,0,0,0,0,0,0,0,1,False,False,False,True,False,False,False,False
2024,2780,0.36,0.74,0.57,0.72,254.1,8.8,188.7,1204,1050,25.3,33.1,19.8,71.5,5292,6.68,False,False,,,2763.9421,0,0,0,0,0,0,0,0,0,0,0,0,0,0,0,0,0,0,0,0,0,0,0,0,1,0,0,0,0,0,0,1,0,0,False,False,False,False,False,False,False,False
2024,2406,0.42,0.74,0.64,0.43,249.8,15.4,219.6,1302,1082,25.1,33.4,20.5,81.6,5292,5.01,False,False,,,2479.8022,0,0,0,0,0,0,0,0,0,0,0,0,0,0,0,0,0,0,0,0,0,0,0,0,0,0,0,1,0,0,0,1,0,0,True,False,False,False,False,False,True,True
2024,1520,0.54,0.62,0.58,0.81,388.4,22.3,170.0,1395,994,25.6,37.8,20.6,73.7,5292,5.49,False,True,,,1874.9133,0,0,0,0,0,0,0,0,0,0,0,0,0,0,0,0,0,0,0,0,0,0,0,0,0,0,0,1,0,0,1,0,0,0,True,False,False,True,False,True,False,True
2024,1751,0.48,0.66,0.47,0.87,259.7,12.5,289.2,1461,907,24.1,33.1,21.6,69.5,5292,6.48,False,True,,,1953.7135,0,0,0,0,0,0,0,0,0,0,0,0,0,0,0,0,0,0,0,0,0,0,0,0,0,0,0,1,0,0,0,0,1,0,True,True,False,False,False,False,False,True
2024,1908,0.48,0.59,0.52,0.72,355.1,15.2,280.2,1564,1083,24.5,37.1,20.5,84.4,5292,5.63,False,True,,,1960.369,0,0,0,0,0,0,0,0,0,0,0,0,1,0,0,0,0,0,0,0,0,0,0,0,0,0,0,0,0,0,0,0,0,1,True,False,False,False,False,True,False,True
2023,3610,0.48,0.75,0.56,0.88,278.6,8.7,256.1,1571,1180,26.2,35.0,20.5,62.8,5658,5.2,True,False,,,3282.5027,0,0,0,0,0,0,0,0,1,0,0,0,0,0,0,0,0,0,0,0,0,0,0,0,0,0,0,0,0,0,1,0,0,0,True,False,False,False,False,False,False,True
2023,2049,0.39,0.75,0.53,0.48,227.9,15.6,165.9,1549,1094,24.2,33.5,18.3,70.6,5658,5.72,True,False,,,2116.1296,0,0,0,0,0,0,0,0,0,0,0,0,0,0,0,0,0,0,0,0,0,0,0,0,0,0,0,0,1,0,1,0,0,0,True,False,False,False,False,False,False,True
2023,1691,0.43,0.68,0.62,0.64,202.1,17.8,266.4,1246,1094,25.8,37.2,20.1,61.1,5658,5.54,True,False,,,1800.7844,0,0,0,0,0,0,0,0,0,0,0,0,0,0,1,0,0,0,0,0,0,0,0,0,0,0,0,0,0,0,0,0,1,0,True,False,False,False,False,True,False,True
2023,3828,0.5,0.71,0.61,0.7,308.9,17.7,271.2,1554,1054,24.7,34.7,18.6,78.5,5658,6.69,False,False,,,3716.9087,0,0,0,0,0,0,0,0,0,0,0,0,1,0,0,0,0,0,0,0,0,0,0,0,0,0,0,0,0,0,1,0,0,0,True,False,False,False,False,True,False,True
2023,2870,0.37,0.69,0.57,0.69,395.2,13.7,265.2,1510,992,25.2,35.1,20.9,83.0,5658,5.63,False,False,,,2711.051,1,0,0,0,0,0,0,0,0,0,0,0,0,0,0,0,0,0,0,0,0,0,0,0,0,0,0,0,0,0,0,0,1,0,True,False,False,False,False,False,False,True
2023,1848,0.41,0.67,0.52,0.6,273.8,13.4,167.1,1507,1059,24.9,34.2,20.0,67.0,5658,6.58,False,False,,,2406.1687,0,0,0,0,0,0,0,0,0,0,0,0,0,0,0,0,0,0,0,0,0,0,0,0,1,0,0,0,0,0,1,0,0,0,True,True,False,False,False,False,True,True
2023,1995,0.41,0.56,0.5,0.57,271.4,9.8,246.6,1343,960,25.1,35.6,20.7,81.5,5658,6.78,False,True,,,2098.3906,0,0,0,0,0,0,1,0,0,0,0,0,0,0,0,0,0,0,0,0,0,0,0,0,0,0,0,0,0,0,0,0,1,0,True,False,False,False,True,True,False,True
2023,2238,0.44,0.64,0.47,0.46,268.8,14.2,275.1,1468,1021,26.2,33.0,18.2,67.3,5658,5.87,False,True,,,2041.2773,0,0,0,0,0,0,0,0,1,0,0,0,0,0,0,0,0,0,0,0,0,0,0,0,0,0,0,0,0,0,0,0,0,1,False,False,False,False,False,False,False,False
2023,1963,0.55,0.68,0.52,0.6,304.1,9.7,236.6,1569,950,24.9,34.3,18.3,82.8,5658,6.82,False,True,,,2007.6249,0,0,0,0,0,0,0,0,0,0,0,0,0,0,0,0,0,0,0,0,0,0,0,1,0,0,0,0,0,0,0,0,1,0,True,False,True,False,False,False,False,True
2024,3169,0.36,0.69,0.53,0.48,288.1,21.0,247.0,1323,1176,25.7,37.8,20.9,78.8,5658,5.75,True,False,,,3149.158,1,0,0,0,0,0,0,0,0,0,0,0,0,0,0,0,0,0,0,0,0,0,0,0,0,0,0,0,0,0,0,0,1,0,True,False,True,False,False,False,False,True
2024,2224,0.45,0.62,0.59,0.77,376.0,24.4,218.8,1305,904,25.4,33.5,18.3,80.1,5658,6.93,True,False,,,2120.2908,0,0,0,0,0,0,0,0,0,0,0,1,0,0,0,0,0,0,0,0,0,0,0,0,0,0,0,0,0,0,0,1,0,0,False,False,False,False,True,False,False,True
2024,1727,0.39,0.74,0.58,0.5,301.1,24.5,229.3,1357,991,26.0,35.9,18.3,60.5,5658,5.18,True,False,,,1845.1033,0,0,0,0,0,0,0,1,0,0,0,0,0,0,0,0,0,0,0,0,0,0,0,0,0,0,0,0,0,0,0,0,0,1,True,False,False,False,False,False,False,True
2024,3592,0.54,0.58,0.46,0.43,301.6,22.7,155.2,1346,1069,26.8,34.0,18.0,84.1,5658,6.37,False,False,,,3685.7434,0,0,0,0,0,0,0,0,0,0,0,0,0,0,0,0,0,0,0,0,0,0,0,1,0,0,0,0,0,0,0,0,0,1,True,True,False,False,False,True,False,True
2024,2604,0.37,0.65,0.53,0.68,227.7,18.2,245.8,1344,921,26.2,36.6,21.8,78.2,5658,5.99,False,False,,,2739.3145,0,0,0,0,0,0,0,0,0,0,1,0,0,0,0,0,0,0,0,0,0,0,0,0,0,0,0,0,0,0,0,0,0,1,True,False,False,False,False,True,False,True
2024,2469,0.43,0.69,0.49,0.7,396.5,19.9,162.2,1319,900,24.6,32.8,21.0,67.6,5658,5.78,False,False,,,2435.9265,0,0,0,0,0,0,0,0,0,0,0,0,0,0,0,0,0,0,1,0,0,0,0,0,0,0,0,0,0,0,1,0,0,0,True,False,False,False,False,False,False,True
2024,2012,0.5,0.69,0.48,0.84,250.0,12.8,215.3,1518,1032,24.1,37.8,19.4,80.7,5658,6.27,False,True,,,2098.9998,0,0,0,0,0,0,0,0,0,0,0,0,0,0,0,0,1,0,0,0,0,0,0,0,0,0,0,0,0,0,0,1,0,0,True,True,True,False,False,False,False,True
2024,2255,0.49,0.68,0.62,0.69,214.7,18.7,193.9,1474,1132,24.8,34.7,19.2,67.0,5658,6.41,False,True,,,2116.1611,0,0,0,0,0,0,0,1,0,0,0,0,0,0,0,0,0,0,0,0,0,0,0,0,0,0,0,0,0,0,0,0,0,1,True,False,False,False,False,True,False,True
2024,1813,0.43,0.61,0.46,0.57,332.6,15.7,231.8,1291,911,25.8,33.4,19.4,81.8,5658,5.01,False,True,,,2012.6993,0,0,1,0,0,0,0,0,0,0,0,0,0,0,0,0,0,0,0,0,0,0,0,0,0,0,0,0,0,0,1,0,0,0,True,False,False,False,False,False,False,True
2023,2949,0.42,0.58,0.53,0.8,319.1,16.2,170.0,1257,945,24.2,32.4,21.1,62.8,5110,5.33,True,False,,,2834.0703,0,0,1,0,0,0,0,0,0,0,0,0,0,0,0,0,0,0,0,0,0,0,0,0,0,0,0,0,0,0,1,0,0,0,True,False,True,True,False,False,False,True
2023,1342,0.43,0.68,0.48,0.67,283.0,20.9,253.7,1545,933,25.5,33.0,20.6,77.6,5110,6.43,True,False,,,1849.0483,1,0,0,0,0,0,0,0,0,0,0,0,0,0,0,0,0,0,0,0,0,0,0,0,0,0,0,0,0,0,1,0,0,0,False,False,False,False,False,False,False,True
2023,1556,0.4,0.67,0.63,0.44,284.4,12.8,269.3,1428,977,25.8,35.1,18.7,73.5,5110,6.33,True,False,,,1642.8859,0,0,0,0,0,0,0,0,0,0,0,0,0,0,0,0,0,0,0,0,0,0,0,0,0,0,1,0,0,0,0,1,0,0,True,True,False,False,False,False,False,True
2023,4039,0.39,0.59,0.56,0.68,357.0,13.4,174.5,1316,1117,25.0,34.0,18.7,62.4,5110,6.93,False,False,,,3699.7207,0,0,0,0,1,0,0,0,0,0,0,0,0,0,0,0,0,0,0,0,0,0,0,0,0,0,0,0,0,0,1,0,0,0,True,False,False,False,False,True,False,True
2023,2428,0.45,0.69,0.5,0.85,239.1,23.7,165.6,1517,972,26.3,37.0,18.4,66.0,5110,6.52,False,False,,,2587.3096,0,0,0,0,0,0,0,0,0,1,0,0,0,0,0,0,0,0,0,0,0,0,0,0,0,0,0,0,0,0,0,1,0,0,True,True,False,False,False,False,False,True
2023,2303,0.4,0.64,0.55,0.6,364.1,9.0,171.8,1478,1181,24.3,34.6,20.6,60.3,5110,6.9,False,False,,,2330.639,0,0,0,0,0,0,1,0,0,0,0,0,0,0,0,0,0,0,0,0,0,0,0,0,0,0,0,0,0,0,0,0,1,0,True,True,False,False,False,False,True,True
2023,1737,0.41,0.68,0.6,0.55,329.7,16.3,281.6,1326,1148,24.2,33.5,21.1,71.7,5110,6.41,False,True,,,1885.9728,0,0,0,0,0,0,0,0,0,0,0,0,0,0,0,0,0,0,0,0,0,0,0,0,0,1,0,0,0,0,1,0,0,0,False,False,False,True,False,False,False,False
2023,1999,0.48,0.72,0.64,0.47,283.8,23.5,229.2,1592,946,26.2,35.7,19.1,67.5,5110,5.6,False,True,,,1929.3672,0,0,0,0,0,0,0,0,1,0,0,0,0,0,0,0,0,0,0,0,0,0,0,0,0,0,0,0,0,0,0,0,0,1,True,False,False,False,False,False,False,True
2023,2418,0.54,0.58,0.49,0.48,291.6,18.4,220.1,1595,1020,25.5,36.2,18.1,75.0,5110,5.21,False,True,,,1896.9397,0,0,0,0,0,0,0,0,0,0,0,0,0,0,0,0,0,0,0,0,0,0,0,0,0,0,0,1,0,0,1,0,0,0,False,False,False,False,False,False,False,True
2024,2676,0.47,0.55,0.63,0.62,251.3,17.3,166.0,1328,1113,26.1,33.0,18.3,67.4,5110,6.56,True,False,,,2829.7095,0,0,0,0,0,0,1,0,0,0,0,0,0,0,0,0,0,0,0,0,0,0,0,0,0,0,0,0,0,0,0,0,1,0,True,True,False,False,False,False,False,True
2024,1862,0.37,0.71,0.64,0.7,350.4,12.2,247.4,1257,1138,25.3,33.0,21.9,67.5,5110,6.29,True,False,,,1881.4657,0,0,0,0,0,0,0,0,1,0,0,0,0,0,0,0,0,0,0,0,0,0,0,0,0,0,0,0,0,0,0,0,1,0,True,False,False,False,False,False,False,True
2024,1643,0.37,0.67,0.63,0.44,302.6,13.8,280.2,1321,955,24.7,32.2,19.2,78.6,5110,5.1,True,False,,,1730.146,0,0,0,0,0,0,0,1,0,0,0,0,0,0,0,0,0,0,0,0,0,0,0,0,0,0,0,0,0,0,1,0,0,0,True,False,True,False,False,True,False,True
2024,2748,0.54,0.69,0.58,0.87,264.2,22.5,274.2,1200,1006,26.5,36.4,21.1,61.2,5110,5.72,False,False,,,3086.2766,0,0,0,0,0,0,0,0,0,0,0,1,0,0,0,0,0,0,0,0,0,0,0,0,0,0,0,0,0,0,0,0,1,0,True,True,False,False,False,False,False,True
2024,3039,0.41,0.72,0.58,0.78,319.2,17.5,243.9,1438,947,26.4,36.0,20.5,82.6,5110,6.91,False,False,,,2586.1658,0,1,0,0,0,0,0,0,0,0,0,0,0,0,0,0,0,0,0,0,0,0,0,0,0,0,0,0,0,0,0,1,0,0,False,False,False,False,False,False,False,False
2024,2282,0.37,0.71,0.53,0.69,399.1,16.8,161.3,1489,960,26.1,34.8,19.5,81.3,5110,6.0,False,False,,,2335.8176,1,0,0,0,0,0,0,0,0,0,0,0,0,0,0,0,0,0,0,0,0,0,0,0,0,0,0,0,0,0,0,1,0,0,True,True,True,False,False,False,False,True
2024,1840,0.47,0.74,0.6,0.81,287.1,9.7,166.9,1295,925,24.8,37.1,18.8,76.7,5110,5.87,False,True,,,1872.1177,0,0,0,0,0,0,0,0,0,0,0,0,0,0,0,1,0,0,0,0,0,0,0,0,0,0,0,0,0,0,1,0,0,0,True,False,False,False,False,False,False,True
2024,1830,0.47,0.66,0.56,0.44,384.1,8.3,157.4,1325,1191,25.8,36.8,18.5,74.8,5110,5.92,False,True,,,1901.8523,0,0,0,0,0,0,0,0,0,0,0,0,0,0,0,0,0,0,0,0,0,0,1,0,0,0,0,0,0,0,0,1,0,0,False,False,False,False,False,False,False,False
2024,1699,0.48,0.65,0.59,0.64,269.0,24.4,188.6,1317,1156,25.1,35.5,20.5,82.3,5110,5.42,False,True,,,1886.4757,0,0,0,0,0,0,0,0,0,0,0,0,0,0,0,0,0,0,0,0,0,0,1,0,0,0,0,0,0,0,0,1,0,0,True,False,False,False,False,True,False,True
2023,2744,0.4,0.63,0.54,0.72,210.9,14.4,170.3,1247,907,24.3,37.2,21.1,64.6,5292,5.74,True,False,,,2847.7854,0,0,0,0,0,0,0,0,0,0,0,0,0,0,0,0,0,0,0,0,0,0,0,0,0,0,0,0,0,1,0,0,0,1,True,False,False,False,False,False,False,True
2023,2080,0.35,0.58,0.6,0.81,240.8,18.3,189.0,1288,1012,26.8,33.2,20.6,62.0,5292,5.74,True,False,,,1977.2328,0,0,0,0,0,0,0,0,0,0,0,0,0,0,0,0,0,0,0,0,0,0,0,1,0,0,0,0,0,0,1,0,0,0,True,False,False,False,False,True,False,True
2023,1649,0.54,0.66,0.61,0.79,283.7,9.4,207.8,1436,1152,24.4,32.7,20.1,66.0,5292,5.1,True,False,,,1750.8181,0,0,0,0,1,0,0,0,0,0,0,0,0,0,0,0,0,0,0,0,0,0,0,0,0,0,0,0,0,0,0,0,1,0,True,True,False,False,False,True,False,True
2023,4380,0.4,0.61,0.48,0.54,243.9,19.6,291.4,1572,1079,26.9,33.6,18.2,79.9,5292,6.54,False,False,,,3991.463,0,0,1,0,0,0,0,0,0,0,0,0,0,0,0,0,0,0,0,0,0,0,0,0,0,0,0,0,0,0,1,0,0,0,True,False,False,False,False,False,False,True
2023,2859,0.49,0.73,0.62,0.87,200.0,23.9,241.6,1584,1106,25.3,32.3,21.9,60.9,5292,5.83,False,False,,,2661.2422,0,0,0,0,0,0,0,0,0,0,0,1,0,0,0,0,0,0,0,0,0,0,0,0,0,0,0,0,0,0,0,1,0,0,True,False,False,False,False,False,False,True
2023,2526,0.49,0.67,0.56,0.46,383.0,17.8,275.2,1471,1026,24.6,35.2,21.2,74.6,5292,6.64,False,False,,,2428.9597,0,0,0,0,0,0,0,1,0,0,0,0,0,0,0,0,0,0,0,0,0,0,0,0,0,0,0,0,0,0,0,0,0,1,True,True,False,False,False,False,False,True
2023,1821,0.47,0.67,0.62,0.84,368.8,10.1,256.6,1388,955,25.6,37.6,19.2,84.9,5292,6.7,False,True,,,1991.616,0,0,0,0,0,0,0,0,0,0,0,0,0,0,0,0,0,0,0,0,0,1,0,0,0,0,0,0,0,0,1,0,0,0,False,True,False,False,False,False,False,True
2023,2176,0.41,0.62,0.54,0.89,348.5,17.9,166.9,1391,1113,26.6,32.2,21.9,81.4,5292,5.42,False,True,,,2043.204,0,0,0,0,0,0,0,0,0,0,0,0,0,0,0,0,0,0,0,0,0,0,0,0,0,0,1,0,0,0,1,0,0,0,True,False,False,False,False,True,False,True
2023,1918,0.4,0.56,0.53,0.49,233.6,21.0,260.4,1268,913,26.2,32.7,20.4,73.0,5292,6.31,False,True,,,2003.3734,0,0,1,0,0,0,0,0,0,0,0,0,0,0,0,0,0,0,0,0,0,0,0,0,0,0,0,0,0,0,0,1,0,0,True,False,True,False,True,False,False,True
2024,3579,0.47,0.56,0.63,0.76,224.1,14.9,191.3,1477,927,26.4,34.7,20.3,61.6,5292,5.94,True,False,,,3396.1167,1,0,0,0,0,0,0,0,0,0,0,0,0,0,0,0,0,0,0,0,0,0,0,0,0,0,0,0,0,0,0,1,0,0,False,False,True,False,False,False,False,True
2024,1525,0.52,0.63,0.5,0.42,213.5,23.0,245.9,1548,977,26.0,37.6,21.0,80.8,5292,6.76,True,False,,,1980.1138,0,0,1,0,0,0,0,0,0,0,0,0,0,0,0,0,0,0,0,0,0,0,0,0,0,0,0,0,0,0,1,0,0,0,True,False,True,False,False,False,False,True
2024,1804,0.54,0.57,0.62,0.6,344.8,19.0,201.1,1446,1115,26.1,33.9,21.2,75.0,5292,5.43,True,False,,,1674.0938,0,0,0,0,1,0,0,0,0,0,0,0,0,0,0,0,0,0,0,0,0,0,0,0,0,0,0,0,0,0,0,1,0,0,True,True,False,False,False,False,False,True
2024,4082,0.37,0.67,0.55,0.66,385.8,23.3,299.7,1275,1053,26.5,35.0,20.6,62.9,5292,6.36,False,False,,,3947.9548,0,0,0,0,0,0,0,0,0,0,0,0,0,0,1,0,0,0,0,0,0,0,0,0,0,0,0,0,0,0,0,1,0,0,False,False,True,False,False,False,False,False
2024,2999,0.38,0.73,0.55,0.69,286.1,18.6,189.5,1353,913,24.7,32.2,18.5,62.3,5292,6.22,False,False,,,2712.2764,0,0,0,0,0,0,0,0,0,0,0,0,0,1,0,0,0,0,0,0,0,0,0,0,0,0,0,0,0,0,0,1,0,0,True,False,False,False,True,True,False,True
2024,2353,0.54,0.73,0.51,0.87,223.8,10.2,191.9,1343,1086,25.5,32.9,19.4,82.7,5292,5.59,False,False,,,2388.7466,0,0,1,0,0,0,0,0,0,0,0,0,0,0,0,0,0,0,0,0,0,0,0,0,0,0,0,0,0,0,0,1,0,0,True,False,True,False,False,False,False,True
2024,2121,0.5,0.68,0.56,0.74,302.5,13.3,289.6,1285,906,24.7,37.9,21.7,76.7,5292,5.27,False,True,,,2024.8386,1,0,0,0,0,0,0,0,0,0,0,0,0,0,0,0,0,0,0,0,0,0,0,0,0,0,0,0,0,0,0,1,0,0,False,False,True,True,False,False,True,True
2024,1895,0.53,0.59,0.52,0.64,269.8,11.4,153.7,1384,902,27.0,37.8,18.9,80.7,5292,6.3,False,True,,,2007.6812,0,0,0,0,1,0,0,0,0,0,0,0,0,0,0,0,0,0,0,0,0,0,0,0,0,0,0,0,0,0,0,0,0,1,True,False,False,False,False,False,True,True
2024,2248,0.39,0.72,0.46,0.8,275.0,23.5,254.5,1484,1010,26.8,32.0,19.5,82.0,5292,6.48,False,True,,,2082.9346,0,0,0,0,0,0,0,0,0,0,0,0,0,0,0,0,0,0,0,0,0,0,0,0,0,1,0,0,0,0,0,1,0,0,True,False,True,True,False,False,False,True
2023,3029,0.47,0.73,0.5,0.88,324.3,20.9,258.8,1419,1137,24.1,37.7,19.7,74.3,5292,5.63,True,False,,,3060.7625,0,0,0,0,0,0,0,0,0,0,0,0,0,0,0,0,0,0,0,0,0,0,1,0,0,0,0,0,0,0,0,0,1,0,False,False,False,False,False,False,False,False
2023,1834,0.49,0.59,0.45,0.41,343.7,19.5,275.5,1268,1138,26.1,35.8,19.8,72.9,5292,6.29,True,False,,,2087.973,0,0,0,0,0,0,0,0,0,0,0,0,0,1,0,0,0,0,0,0,0,0,0,0,0,0,0,0,0,0,1,0,0,0,False,False,False,False,False,False,False,False
2023,1535,0.49,0.7,0.65,0.89,222.1,13.1,296.2,1246,1173,26.8,37.2,20.5,70.8,5292,5.79,True,False,,,1745.86,0,0,0,0,0,0,1,0,0,0,0,0,0,0,0,0,0,0,0,0,0,0,0,0,0,0,0,0,0,0,0,0,0,1,True,True,True,True,False,False,False,True
2023,3743,0.43,0.61,0.64,0.44,207.1,11.1,296.3,1293,1193,24.5,34.7,21.8,67.9,5292,6.43,False,False,,,3869.1833,0,0,0,0,0,0,0,0,0,0,0,0,0,0,0,0,0,0,0,0,0,0,0,0,0,0,1,0,0,0,0,0,0,1,True,False,False,False,False,False,False,True
2023,2863,0.35,0.71,0.53,0.81,398.9,20.9,159.8,1437,1126,25.7,35.1,19.0,70.9,5292,5.4,False,False,,,2506.4155,0,0,0,0,0,0,0,0,1,0,0,0,0,0,0,0,0,0,0,0,0,0,0,0,0,0,0,0,0,0,0,1,0,0,False,False,False,True,False,False,False,False
2023,3293,0.47,0.75,0.6,0.54,246.5,16.1,273.3,1403,914,26.7,34.9,18.5,79.3,5292,6.78,False,False,,,2470.9578,0,0,0,0,0,0,0,0,0,0,0,0,0,0,1,0,0,0,0,0,0,0,0,0,0,0,0,0,0,0,1,0,0,0,False,False,False,False,False,True,False,False
2023,2065,0.4,0.56,0.52,0.47,210.8,11.8,246.9,1599,1091,24.1,36.0,18.8,75.0,5292,5.57,False,True,,,2055.6448,0,0,0,0,0,0,0,0,0,0,0,0,0,0,1,0,0,0,0,0,0,0,0,0,0,0,0,0,0,0,0,0,1,0,False,False,False,True,False,False,False,False
2023,2132,0.44,0.73,0.58,0.62,238.0,18.5,247.1,1417,1018,26.1,32.8,21.5,82.3,5292,5.74,False,True,,,2035.4485,0,0,0,0,0,0,0,0,0,0,0,0,0,0,0,0,0,0,0,0,0,0,0,0,0,1,0,0,0,0,0,1,0,0,False,True,False,False,False,False,False,False
2023,1972,0.54,0.67,0.61,0.72,207.8,8.7,169.3,1540,927,24.9,32.2,20.6,71.1,5292,5.12,False,True,,,2002.2622,0,0,0,0,0,0,0,0,0,1,0,0,0,0,0,0,0,0,0,0,0,0,0,0,0,0,0,0,0,0,1,0,0,0,False,False,False,False,False,False,False,False
2024,3512,0.43,0.74,0.64,0.59,278.4,13.5,247.5,1238,1101,26.8,33.8,19.1,75.2,5292,5.22,True,False,,,3334.6514,0,0,0,0,0,0,0,0,0,0,0,0,0,0,0,0,0,0,0,0,0,0,0,0,0,0,0,1,0,0,0,1,0,0,True,False,False,False,False,False,False,True
2024,2761,0.52,0.64,0.53,0.43,360.5,16.0,297.4,1299,938,26.9,36.2,21.3,75.8,5292,6.03,True,False,,,2200.0725,0,0,0,0,0,0,0,0,0,0,0,0,1,0,0,0,0,0,0,0,0,0,0,0,0,0,0,0,0,0,0,1,0,0,False,False,False,False,False,False,False,False
2024,1930,0.39,0.72,0.61,0.7,268.2,10.5,286.8,1488,1172,26.8,33.2,21.4,74.8,5292,5.54,True,False,,,1875.4089,0,0,0,0,0,0,0,0,0,0,0,0,0,0,0,0,0,0,1,0,0,0,0,0,0,0,0,0,0,0,0,1,0,0,True,False,False,False,False,False,False,True
2024,4426,0.48,0.56,0.5,0.85,288.8,24.7,215.9,1453,1130,25.4,36.0,21.4,77.6,5292,6.67,False,False,,,4231.381,0,0,0,0,0,0,1,0,0,0,0,0,0,0,0,0,0,0,0,0,0,0,0,0,0,0,0,0,0,0,0,1,0,0,True,False,False,False,False,False,False,True
2024,1987,0.55,0.62,0.65,0.59,335.1,11.6,156.0,1421,985,26.6,37.8,21.7,65.9,5292,5.03,False,False,,,2487.625,0,0,0,0,0,0,0,0,0,0,0,0,0,0,0,0,1,0,0,0,0,0,0,0,0,0,0,0,0,0,0,1,0,0,True,False,False,True,False,True,False,True
2024,2162,0.37,0.56,0.46,0.51,301.8,10.2,204.3,1556,1025,26.5,32.6,19.0,72.8,5292,5.76,False,False,,,2363.3394,0,0,0,0,0,0,0,0,0,0,0,0,0,0,0,0,0,0,0,1,0,0,0,0,0,0,0,0,0,0,0,1,0,0,True,False,False,True,False,False,False,True
2024,1955,0.35,0.75,0.57,0.62,372.3,11.5,274.0,1222,1199,25.0,36.0,21.0,62.6,5292,5.67,False,True,,,2010.2631,0,0,0,0,0,0,0,0,0,0,0,0,0,0,0,0,0,0,0,0,0,0,0,0,0,0,0,0,1,0,0,1,0,0,False,False,False,False,False,False,True,True
2024,1694,0.44,0.71,0.58,0.42,373.2,21.1,255.2,1449,924,26.5,34.7,19.8,69.6,5292,5.04,False,True,,,1972.323,0,0,0,1,0,0,0,0,0,0,0,0,0,0,0,0,0,0,0,0,0,0,0,0,0,0,0,0,0,0,0,0,1,0,True,False,False,False,False,False,False,True
2024,2155,0.37,0.72,0.59,0.81,202.0,15.2,218.9,1209,1044,24.1,37.2,21.4,72.2,5292,5.25,False,True,,,2004.3467,0,0,0,0,0,0,0,0,0,0,0,0,0,0,0,0,0,0,0,0,0,0,0,0,0,0,0,0,0,1,0,0,0,1,False,True,False,False,False,False,False,True
2023,2928,0.5,0.74,0.47,0.81,355.6,17.6,158.3,1445,912,25.8,33.1,20.9,76.3,5658,5.83,True,False,,,3047.2507,0,0,0,0,1,0,0,0,0,0,0,0,0,0,0,0,0,0,0,0,0,0,0,0,0,0,0,0,0,0,0,0,1,0,False,False,True,False,False,False,False,False
2023,2044,0.53,0.57,0.64,0.69,292.1,8.4,214.0,1524,1111,24.7,36.2,21.1,83.8,5658,5.99,True,False,,,2199.4585,0,0,0,0,0,0,0,0,0,0,0,0,0,0,0,0,0,0,0,0,0,0,1,0,0,0,0,0,0,0,0,1,0,0,False,True,False,False,False,False,False,False
2023,2442,0.44,0.63,0.49,0.58,397.8,8.6,220.4,1299,924,24.4,37.0,20.6,75.0,5658,5.81,True,False,,,2062.0479,0,0,0,0,0,0,1,0,0,0,0,0,0,0,0,0,0,0,0,0,0,0,0,0,0,0,0,0,0,0,0,1,0,0,True,False,False,False,False,False,False,True
2023,3446,0.4,0.56,0.57,0.8,296.6,15.6,289.3,1489,967,24.2,37.7,18.7,78.6,5658,6.06,False,False,,,3379.0847,0,0,0,0,0,0,0,0,0,0,0,0,1,0,0,0,0,0,0,0,0,0,0,0,0,0,0,0,0,0,0,0,1,0,False,True,False,True,False,True,False,False
2023,2387,0.44,0.59,0.49,0.68,397.4,21.9,246.2,1379,966,26.1,36.1,20.2,72.7,5658,6.19,False,False,,,2719.5823,0,0,0,0,0,0,0,0,0,0,0,0,0,0,1,0,0,0,0,0,0,0,0,0,0,0,0,0,0,0,0,0,1,0,True,True,False,False,False,False,False,True
2023,2561,0.49,0.6,0.51,0.81,350.9,23.0,196.7,1422,1132,25.0,35.0,21.9,75.9,5658,5.02,False,False,,,2435.7224,0,0,0,0,0,0,0,0,0,0,1,0,0,0,0,0,0,0,0,0,0,0,0,0,0,0,0,0,0,0,0,0,0,1,True,False,False,False,False,False,False,True
2023,1891,0.35,0.64,0.56,0.72,249.7,9.5,228.8,1593,1008,26.2,35.7,21.7,61.8,5658,5.93,False,True,,,1977.5983,0,0,0,0,0,0,0,0,0,0,0,0,0,0,0,0,0,0,0,0,0,0,0,0,0,0,0,0,1,0,0,0,1,0,False,False,False,False,False,False,False,False
2023,1979,0.47,0.6,0.53,0.79,307.7,17.2,159.9,1449,1045,24.2,37.2,18.2,66.4,5658,6.93,False,True,,,1977.0455,0,0,0,1,0,0,0,0,0,0,0,0,0,0,0,0,0,0,0,0,0,0,0,0,0,0,0,0,0,0,0,0,0,1,True,False,False,False,False,False,False,True
2023,2029,0.47,0.57,0.48,0.7,398.4,23.5,295.9,1346,1010,24.9,35.4,18.7,69.0,5658,6.04,False,True,,,1974.8336,0,0,0,0,0,0,0,0,0,0,0,0,1,0,0,0,0,0,0,0,0,0,0,0,0,0,0,0,0,0,0,1,0,0,True,False,True,False,False,False,False,True
2024,3147,0.48,0.58,0.48,0.61,371.5,14.6,204.0,1295,1127,25.6,32.2,18.5,71.8,5658,6.36,True,False,,,3109.3384,0,0,0,0,0,0,1,0,0,0,0,0,0,0,0,0,0,0,0,0,0,0,0,0,0,0,0,0,0,0,1,0,0,0,False,False,False,False,False,False,True,True
2024,2070,0.4,0.58,0.53,0.88,219.5,22.1,221.7,1456,1010,26.4,37.6,20.9,61.1,5658,5.62,True,False,,,2222.0208,0,0,0,0,0,0,0,0,0,0,0,0,0,0,0,0,0,0,0,0,0,0,0,0,0,0,1,0,0,0,1,0,0,0,True,False,False,False,False,False,False,True
2024,1863,0.49,0.74,0.6,0.67,341.3,10.3,203.3,1524,933,25.0,36.1,21.3,63.5,5658,6.55,True,False,,,1982.6069,0,0,0,0,0,0,0,0,0,0,0,0,0,0,0,0,0,0,1,0,0,0,0,0,0,0,0,0,0,0,1,0,0,0,True,False,True,False,False,False,True,True
2024,3165,0.37,0.7,0.63,0.7,269.1,23.9,252.4,1203,1010,25.9,36.1,18.9,66.9,5658,6.55,False,False,,,3295.1455,0,0,0,0,0,0,0,0,0,0,0,0,0,0,0,0,0,0,0,0,0,1,0,0,0,0,0,0,0,0,1,0,0,0,True,False,False,False,False,False,False,True
2024,3417,0.39,0.74,0.47,0.51,201.4,20.8,249.3,1215,1163,26.7,33.3,20.0,84.3,5658,6.04,False,False,,,2836.4907,0,0,0,0,0,0,0,0,0,0,0,0,0,0,0,0,0,0,0,0,0,0,0,0,0,0,0,1,0,0,0,1,0,0,False,False,False,False,False,False,False,True
2024,2726,0.53,0.64,0.53,0.71,280.7,24.0,257.3,1479,1135,25.8,36.0,21.4,68.3,5658,6.95,False,False,,,2450.333,0,1,0,0,0,0,0,0,0,0,0,0,0,0,0,0,0,0,0,0,0,0,0,0,0,0,0,0,0,0,1,0,0,0,True,True,False,False,False,False,False,True
2024,1576,0.5,0.61,0.47,0.69,247.0,19.5,190.2,1535,982,24.7,34.4,20.9,72.1,5658,5.25,False,True,,,1959.6577,0,0,0,0,0,0,0,0,0,1,0,0,0,0,0,0,0,0,0,0,0,0,0,0,0,0,0,0,0,0,0,0,1,0,False,False,False,False,False,False,False,True
2024,2291,0.35,0.71,0.45,0.49,363.8,14.2,197.4,1446,941,24.1,35.9,20.2,64.9,5658,5.03,False,True,,,1987.2133,0,0,0,0,0,0,0,0,0,0,0,0,1,0,0,0,0,0,0,0,0,0,0,0,0,0,0,0,0,0,0,0,1,0,True,True,False,False,False,False,False,True
2024,1990,0.4,0.62,0.58,0.43,267.5,23.9,168.8,1457,1000,26.6,32.6,20.4,75.3,5658,6.54,False,True,,,2074.944,0,0,0,0,0,0,0,0,0,0,0,0,0,0,0,0,0,0,0,0,0,0,0,0,0,0,0,0,0,1,1,0,0,0,False,False,False,False,False,True,False,False
2023,2950,0.39,0.61,0.57,0.7,365.5,12.7,248.3,1583,905,24.1,35.9,20.0,67.0,5475,6.61,True,False,,,3035.787,0,0,0,0,0,0,0,0,0,0,0,0,0,0,0,0,0,0,0,0,0,0,0,0,1,0,0,0,0,0,0,0,1,0,True,False,False,False,False,False,False,True
2023,1874,0.4,0.6,0.48,0.78,200.1,13.6,156.0,1359,1079,26.6,38.0,19.2,65.2,5475,5.24,True,False,,,2095.7673,0,0,0,0,0,0,0,0,0,0,0,0,0,0,0,0,0,0,0,0,1,0,0,0,0,0,0,0,0,0,0,0,0,1,False,False,False,False,False,False,False,False
2023,1392,0.4,0.58,0.5,0.66,261.6,19.9,239.7,1539,1181,25.6,32.3,20.3,72.9,5475,5.53,True,False,,,1733.938,0,0,0,0,0,1,0,0,0,0,0,0,0,0,0,0,0,0,0,0,0,0,0,0,0,0,0,0,0,0,0,1,0,0,False,True,False,False,False,False,False,False
2023,4275,0.36,0.6,0.45,0.51,248.2,21.0,280.5,1351,1125,26.8,37.9,20.8,60.1,5475,5.04,False,False,,,4187.21,0,0,0,0,0,0,0,0,0,0,0,0,0,0,0,0,0,0,0,0,0,0,0,0,0,0,0,1,0,0,1,0,0,0,True,True,True,False,False,False,False,True
2023,3367,0.44,0.62,0.62,0.73,246.7,23.8,283.6,1595,1128,26.4,34.4,21.5,60.2,5475,5.59,False,False,,,2789.3608,0,0,0,0,0,0,0,0,0,0,0,0,0,0,0,0,0,0,0,0,0,0,0,0,0,0,0,1,0,0,1,0,0,0,True,False,False,False,False,False,False,True
2023,2971,0.5,0.68,0.64,0.44,213.6,11.5,217.4,1377,1188,27.0,37.2,20.5,65.5,5475,6.55,False,False,,,2454.3772,0,0,0,0,0,0,0,0,0,0,0,1,0,0,0,0,0,0,0,0,0,0,0,0,0,0,0,0,0,0,0,1,0,0,False,False,False,False,False,True,True,True
2023,1895,0.47,0.56,0.48,0.62,237.4,21.6,218.9,1362,1049,25.1,36.7,21.0,60.9,5475,6.04,False,True,,,1959.185,0,0,0,0,0,0,0,0,0,0,0,1,0,0,0,0,0,0,0,0,0,0,0,0,0,0,0,0,0,0,0,0,1,0,True,False,False,False,False,False,False,True
2023,2059,0.48,0.59,0.5,0.48,311.1,20.6,161.5,1579,1176,26.3,35.4,18.6,62.7,5475,5.7,False,True,,,1977.5715,0,0,0,0,0,0,0,0,0,0,0,0,0,0,0,0,0,0,0,1,0,0,0,0,0,0,0,0,0,0,0,1,0,0,False,False,True,False,False,False,False,False
2023,2172,0.37,0.71,0.62,0.49,258.3,9.1,250.6,1232,1097,25.2,36.4,19.8,68.5,5475,5.74,False,True,,,1997.6246,0,0,0,0,0,0,0,0,0,0,0,0,0,0,0,0,0,0,0,0,0,0,0,0,0,0,0,0,0,1,0,1,0,0,True,False,False,False,False,False,False,True
2024,2498,0.54,0.58,0.64,0.5,283.5,14.6,273.2,1378,969,25.4,37.3,18.0,80.1,5475,5.0,True,False,,,3433.9785,0,0,0,0,0,0,0,0,0,0,0,0,0,0,0,0,0,0,0,0,0,0,0,0,0,0,0,0,0,1,0,0,1,0,False,False,False,False,False,False,False,False
2024,2182,0.52,0.62,0.53,0.59,275.4,12.8,186.7,1300,1011,25.9,34.4,19.0,74.3,5475,5.6,True,False,,,2092.4475,0,0,0,0,0,0,0,0,0,0,1,0,0,0,0,0,0,0,0,0,0,0,0,0,0,0,0,0,0,0,0,1,0,0,False,True,False,False,False,False,False,False
2024,1420,0.51,0.72,0.46,0.43,375.2,13.2,213.2,1467,903,26.6,34.0,20.9,72.8,5475,6.29,True,False,,,1754.5432,0,0,0,0,0,0,0,0,0,0,0,0,0,0,0,0,0,0,0,0,0,0,0,0,0,1,0,0,0,0,0,0,1,0,False,True,True,False,False,False,False,False
2024,4089,0.51,0.58,0.46,0.6,381.1,24.7,275.8,1522,994,27.0,36.0,22.0,67.3,5475,6.95,False,False,,,4098.9336,0,0,0,0,0,0,0,0,0,0,0,0,0,0,0,0,0,0,0,0,0,0,1,0,0,0,0,0,0,0,0,0,1,0,True,False,True,False,False,False,False,True
2024,2682,0.54,0.57,0.56,0.66,298.6,18.9,281.6,1264,1051,26.3,36.8,18.4,83.3,5475,6.69,False,False,,,2711.0159,0,0,0,0,0,0,0,0,0,0,0,0,0,0,0,0,0,0,0,0,0,0,0,0,0,0,0,1,0,0,0,1,0,0,True,False,False,False,False,True,False,True
2024,2173,0.46,0.65,0.53,0.64,266.0,20.2,186.5,1367,1036,25.3,36.6,19.6,69.9,5475,5.05,False,False,,,2437.9854,0,0,0,0,0,0,0,0,0,0,0,0,0,0,0,0,0,0,0,0,0,0,0,0,1,0,0,0,0,0,0,0,0,1,False,False,False,False,False,True,False,False
2024,2278,0.39,0.61,0.46,0.59,221.4,24.6,232.6,1529,1146,25.3,36.8,21.2,62.2,5475,6.8,False,True,,,1961.8032,0,0,0,0,0,0,1,0,0,0,0,0,0,0,0,0,0,0,0,0,0,0,0,0,0,0,0,0,0,0,0,0,1,0,False,False,False,True,False,False,False,False
2024,1604,0.47,0.66,0.57,0.82,390.7,14.4,178.9,1242,1142,26.2,34.6,18.8,75.4,5475,6.57,False,True,,,1974.5148,0,0,0,0,0,0,0,0,0,0,0,0,0,0,0,0,0,0,0,0,0,0,0,0,0,0,0,0,0,1,0,1,0,0,True,False,False,False,False,False,False,True
2024,1932,0.5,0.71,0.45,0.47,212.0,21.6,165.3,1243,930,24.7,36.9,20.2,62.8,5475,6.56,False,True,,,1957.101,1,0,0,0,0,0,0,0,0,0,0,0,0,0,0,0,0,0,0,0,0,0,0,0,0,0,0,0,0,0,0,0,1,0,True,False,False,False,False,False,False,True
2023,3018,0.5,0.58,0.61,0.65,259.5,15.4,286.7,1484,939,24.3,32.7,20.9,68.6,5110,5.92,True,False,,,3099.2524,1,0,0,0,0,0,0,0,0,0,0,0,0,0,0,0,0,0,0,0,0,0,0,0,0,0,0,0,0,0,0,0,0,1,False,False,False,False,False,False,False,False
2023,2189,0.45,0.67,0.51,0.43,259.6,22.8,273.1,1596,1128,25.1,35.3,20.5,72.7,5110,5.8,True,False,,,2118.3188,0,0,0,0,0,0,0,0,0,0,0,0,0,0,0,0,0,0,0,0,0,0,0,0,1,0,0,0,0,0,0,0,0,1,True,False,False,False,False,False,False,True
2023,2004,0.36,0.65,0.46,0.44,264.1,11.1,264.0,1211,935,24.9,32.0,18.8,81.9,5110,5.61,True,False,,,1845.9086,0,0,0,0,0,0,0,0,0,0,0,0,0,0,0,0,0,0,0,0,0,0,0,0,0,0,1,0,0,0,1,0,0,0,False,False,False,False,False,False,False,True
2023,4066,0.42,0.58,0.57,0.69,232.9,24.1,157.3,1294,1122,24.9,33.9,19.4,72.3,5110,5.13,False,False,,,4071.9841,0,0,0,0,0,0,0,0,0,0,0,0,0,0,0,0,0,0,0,0,0,0,0,0,0,0,0,0,0,1,0,0,1,0,False,False,False,True,False,False,False,False
2023,3195,0.53,0.67,0.53,0.68,356.6,11.7,276.6,1501,905,24.7,34.2,21.1,77.6,5110,5.46,False,False,,,2755.5273,0,0,0,0,0,0,0,0,0,0,0,0,0,0,0,0,0,0,0,0,0,0,0,0,1,0,0,0,0,0,0,0,1,0,True,False,False,False,False,False,False,True
2023,2475,0.47,0.6,0.64,0.84,224.5,13.5,215.7,1585,1119,24.1,34.4,20.2,84.8,5110,5.49,False,False,,,2409.593,0,0,0,0,0,0,0,0,0,0,0,0,0,0,0,0,0,0,0,1,0,0,0,0,0,0,0,0,0,0,0,1,0,0,True,False,False,False,False,False,False,True
2023,1687,0.46,0.65,0.56,0.68,327.0,20.9,201.4,1452,974,24.1,36.2,18.0,63.3,5110,5.97,False,True,,,1892.7954,0,0,0,0,0,0,0,0,0,0,0,0,1,0,0,0,0,0,0,0,0,0,0,0,0,0,0,0,0,0,0,0,1,0,False,True,False,True,False,False,False,False
2023,2383,0.4,0.57,0.51,0.88,224.8,14.7,232.0,1441,903,27.0,34.3,21.0,66.9,5110,6.49,False,True,,,2012.5107,0,0,0,0,0,0,0,0,1,0,0,0,0,0,0,0,0,0,0,0,0,0,0,0,0,0,0,0,0,0,1,0,0,0,True,False,False,False,False,False,False,True
2023,2260,0.42,0.64,0.59,0.42,214.1,18.3,163.7,1234,1033,25.3,34.7,18.1,69.9,5110,5.95,False,True,,,1995.2808,0,0,1,0,0,0,0,0,0,0,0,0,0,0,0,0,0,0,0,0,0,0,0,0,0,0,0,0,0,0,0,0,0,1,True,False,False,False,False,False,False,True
2024,3313,0.53,0.61,0.5,0.45,381.9,15.6,263.5,1414,1017,25.2,33.4,21.0,70.5,5110,5.12,True,False,,,3225.3723,0,0,0,0,0,0,1,0,0,0,0,0,0,0,0,0,0,0,0,0,0,0,0,0,0,0,0,0,0,0,0,0,0,1,True,False,False,False,False,False,False,True
2024,2214,0.48,0.71,0.63,0.42,238.0,20.6,237.4,1536,993,26.0,34.2,18.8,70.3,5110,6.92,True,False,,,2132.7249,0,0,0,0,0,1,0,0,0,0,0,0,0,0,0,0,0,0,0,0,0,0,0,0,0,0,0,0,0,0,1,0,0,0,False,True,False,False,False,True,False,False
2024,1811,0.51,0.56,0.52,0.49,364.3,11.9,178.0,1289,961,24.7,33.4,21.8,82.7,5110,6.89,True,False,,,1868.7903,0,0,0,0,0,0,0,1,0,0,0,0,0,0,0,0,0,0,0,0,0,0,0,0,0,0,0,0,0,0,0,0,1,0,False,False,False,False,False,True,True,True
2024,4459,0.44,0.63,0.56,0.67,308.9,9.0,178.2,1463,1093,26.8,32.4,19.5,77.9,5110,6.57,False,False,,,4266.855,0,0,0,0,0,0,0,0,0,0,0,0,0,0,0,0,0,0,0,0,0,0,0,0,0,0,1,0,0,0,0,0,1,0,True,False,False,False,False,False,False,True
2024,2909,0.48,0.64,0.46,0.72,215.6,13.1,177.6,1292,1102,26.4,35.6,19.3,75.2,5110,6.98,False,False,,,2771.2795,0,0,0,0,0,0,0,0,1,0,0,0,0,0,0,0,0,0,0,0,0,0,0,0,0,0,0,0,0,0,1,0,0,0,True,False,False,False,False,False,False,True
2024,2409,0.4,0.7,0.54,0.42,391.1,16.1,158.6,1289,925,24.3,36.0,18.6,67.7,5110,6.09,False,False,,,2413.7544,0,0,0,0,0,0,0,0,0,0,0,0,0,0,0,0,0,0,0,0,0,0,0,0,0,0,0,0,0,1,0,1,0,0,True,False,False,False,False,True,False,True
2024,1758,0.49,0.66,0.62,0.87,249.4,10.9,238.2,1314,1072,25.3,35.7,19.2,80.6,5110,6.93,False,True,,,1949.874,0,0,0,0,1,0,0,0,0,0,0,0,0,0,0,0,0,0,0,0,0,0,0,0,0,0,0,0,0,0,0,0,0,1,True,False,True,False,False,True,False,True
2024,1419,0.44,0.68,0.61,0.82,371.9,14.0,276.1,1304,1199,26.6,34.8,21.5,83.9,5110,5.15,False,True,,,1871.0514,1,0,0,0,0,0,0,0,0,0,0,0,0,0,0,0,0,0,0,0,0,0,0,0,0,0,0,0,0,0,1,0,0,0,True,False,False,False,False,True,False,True
2024,1637,0.44,0.71,0.49,0.55,233.8,14.8,152.6,1590,1032,26.8,34.3,22.0,80.5,5110,5.73,False,True,,,1960.3445,0,0,0,0,0,0,0,0,0,0,0,0,0,0,0,0,0,0,1,0,0,0,0,0,0,0,0,0,0,0,1,0,0,0,True,False,True,False,False,False,False,True
2023,4123,0.48,0.72,0.5,0.44,370.8,9.0,157.4,1395,1017,25.4,37.2,19.5,60.0,5658,5.45,True,False,,,3657.4172,0,0,0,0,0,0,0,0,0,1,0,0,0,0,0,0,0,0,0,0,0,0,0,0,0,0,0,0,0,0,0,0,1,0,False,False,False,False,False,True,False,False
2023,1800,0.54,0.61,0.61,0.48,202.6,17.9,235.9,1513,1174,25.8,35.1,19.8,75.9,5658,5.39,True,False,,,1998.1013,0,0,0,0,0,0,0,0,0,0,0,1,0,0,0,0,0,0,0,0,0,0,0,0,0,0,0,0,0,0,0,0,0,1,False,False,False,False,False,True,False,False
2023,1407,0.36,0.66,0.64,0.46,302.4,23.0,272.9,1313,1111,24.5,34.9,20.9,61.3,5658,5.28,True,False,,,1728.6102,0,0,0,0,0,0,0,0,0,0,0,0,0,0,0,0,0,0,0,0,0,0,0,1,0,0,0,0,0,0,0,0,1,0,False,True,False,False,False,False,False,False
2023,4036,0.51,0.72,0.47,0.46,353.9,10.6,199.0,1274,1124,27.0,32.2,21.5,66.4,5658,6.24,False,False,,,4011.525,0,0,0,0,0,0,0,0,0,0,0,0,0,0,1,0,0,0,0,0,0,0,0,0,0,0,0,0,0,0,1,0,0,0,False,True,False,False,False,False,False,False
2023,2669,0.41,0.75,0.54,0.66,387.0,18.2,202.4,1575,919,24.7,34.0,20.4,61.5,5658,6.56,False,False,,,2698.8525,0,0,0,0,0,0,0,0,0,0,0,0,0,0,0,0,0,0,0,0,0,0,0,0,0,0,1,0,0,0,0,1,0,0,False,False,False,False,False,False,False,False
2023,2147,0.44,0.73,0.52,0.52,381.8,19.3,239.5,1416,1012,26.8,34.3,19.6,75.1,5658,6.16,False,False,,,2398.25,0,0,0,0,0,0,0,0,0,0,0,0,0,0,0,0,0,0,0,0,0,1,0,0,0,0,0,0,0,0,0,0,0,1,True,True,False,False,False,False,False,True
2023,2707,0.35,0.62,0.62,0.58,363.9,15.1,191.1,1476,1039,25.9,34.4,19.7,77.2,5658,5.29,False,True,,,2134.2256,0,0,0,0,0,0,0,0,0,0,0,0,0,0,0,0,0,0,0,0,0,0,0,1,0,0,0,0,0,0,1,0,0,0,False,False,False,False,False,False,False,False
2023,2281,0.41,0.59,0.47,0.89,377.6,19.9,154.0,1448,946,25.8,35.5,20.8,62.9,5658,6.62,False,True,,,2047.6499,0,0,0,0,0,0,0,0,1,0,0,0,0,0,0,0,0,0,0,0,0,0,0,0,0,0,0,0,0,0,1,0,0,0,True,True,False,False,False,False,False,True
2023,2163,0.45,0.65,0.49,0.74,239.8,15.0,260.3,1363,900,25.5,35.2,18.0,69.6,5658,6.27,False,True,,,2069.578,0,0,0,0,0,0,0,0,0,0,0,0,0,0,0,0,0,0,0,1,0,0,0,0,0,0,0,0,0,0,0,1,0,0,True,True,True,False,False,False,False,True
2024,3633,0.36,0.7,0.6,0.87,256.8,16.6,243.8,1593,989,24.7,35.6,20.5,71.4,5658,5.78,True,False,,,3520.205,0,0,0,0,0,0,0,0,0,0,0,0,0,0,0,0,1,0,0,0,0,0,0,0,0,0,0,0,0,0,1,0,0,0,True,False,False,False,False,False,False,True
2024,1747,0.45,0.65,0.46,0.47,257.8,8.1,237.1,1556,1041,24.5,36.6,19.4,69.2,5658,6.35,True,False,,,2037.1652,0,0,0,0,0,0,0,0,0,0,0,0,0,0,0,0,0,0,0,0,0,0,0,0,0,0,0,0,0,1,1,0,0,0,False,True,False,False,False,False,False,False
2024,1797,0.54,0.65,0.55,0.59,275.4,19.8,261.3,1391,937,24.7,36.9,21.2,63.0,5658,5.52,True,False,,,1790.4589,0,0,0,0,0,0,0,0,0,0,0,0,0,0,0,0,1,0,0,0,0,0,0,0,0,0,0,0,0,0,0,0,0,1,True,False,False,False,False,False,False,True
2024,4602,0.37,0.72,0.54,0.68,278.7,19.2,251.3,1426,1192,24.6,36.3,18.4,70.5,5658,5.69,False,False,,,4165.783,0,0,0,0,0,0,0,0,0,0,0,0,0,0,0,0,0,0,0,0,0,0,0,0,0,1,0,0,0,0,0,0,0,1,True,False,False,False,False,False,False,True
2024,2920,0.5,0.62,0.52,0.44,308.9,8.7,180.9,1376,1038,26.3,37.7,20.4,78.8,5658,6.83,False,False,,,2689.5483,0,0,0,0,0,0,0,0,0,0,0,0,0,0,0,0,0,0,0,1,0,0,0,0,0,0,0,0,0,0,0,0,0,1,True,False,False,False,False,False,False,True
2024,2779,0.43,0.72,0.53,0.4,232.0,14.3,202.9,1298,1158,25.1,32.1,19.9,61.8,5658,5.58,False,False,,,2413.3342,0,0,0,0,0,0,0,0,0,0,0,1,0,0,0,0,0,0,0,0,0,0,0,0,0,0,0,0,0,0,0,0,1,0,False,False,False,False,True,False,False,False
2024,2126,0.48,0.63,0.56,0.74,338.2,24.6,168.9,1235,1060,24.2,33.2,20.6,62.0,5658,5.94,False,True,,,2119.5603,0,0,0,0,0,0,0,0,0,0,0,0,0,0,0,0,0,0,0,0,0,0,0,0,0,0,0,0,0,1,0,1,0,0,True,False,False,False,False,False,False,True
2024,1805,0.4,0.62,0.48,0.72,233.5,15.2,169.5,1295,1077,26.9,32.0,18.3,68.9,5658,6.78,False,True,,,2019.8408,0,0,0,0,0,0,1,0,0,0,0,0,0,0,0,0,0,0,0,0,0,0,0,0,0,0,0,0,0,0,0,0,0,1,True,False,False,False,False,False,False,True
2024,2144,0.38,0.64,0.56,0.61,262.1,16.5,251.4,1351,909,26.7,35.9,20.3,83.5,5658,6.42,False,True,,,2117.7075,0,1,0,0,0,0,0,0,0,0,0,0,0,0,0,0,0,0,0,0,0,0,0,0,0,0,0,0,0,0,0,0,1,0,False,False,False,False,False,False,False,True
2023,2924,0.38,0.7,0.61,0.64,300.7,23.5,278.8,1350,1160,26.8,37.4,20.2,76.7,5840,5.12,True,False,,,3115.6238,0,0,1,0,0,0,0,0,0,0,0,0,0,0,0,0,0,0,0,0,0,0,0,0,0,0,0,0,0,0,0,0,1,0,True,False,False,False,False,True,False,True
2023,2148,0.36,0.58,0.6,0.61,359.3,20.2,294.4,1389,1037,27.0,33.5,20.2,77.0,5840,5.29,True,False,,,1968.2242,0,0,0,0,0,0,0,0,0,0,0,0,0,0,0,0,1,0,0,0,0,0,0,0,0,0,0,0,0,0,0,1,0,0,False,True,True,False,True,False,False,False
2023,1806,0.39,0.59,0.48,0.41,347.9,17.9,244.3,1423,1071,24.5,37.6,20.4,69.0,5840,5.02,True,False,,,1929.5408,0,0,0,0,1,0,0,0,0,0,0,0,0,0,0,0,0,0,0,0,0,0,0,0,0,0,0,0,0,0,0,1,0,0,False,False,False,False,False,True,False,False
2023,4044,0.48,0.74,0.48,0.57,329.1,21.6,177.6,1236,912,25.2,32.4,20.7,74.8,5840,6.26,False,False,,,4137.4976,0,0,0,0,0,0,0,0,0,0,0,0,0,0,0,0,1,0,0,0,0,0,0,0,0,0,0,0,0,0,1,0,0,0,True,False,False,False,False,False,False,True
2023,2988,0.53,0.59,0.5,0.49,231.2,22.7,165.8,1467,1067,26.3,37.6,21.2,60.3,5840,5.9,False,False,,,2649.532,0,0,0,0,0,0,0,0,0,0,0,0,0,0,0,0,0,0,0,0,0,0,0,1,0,0,0,0,0,0,0,0,1,0,False,False,False,False,False,False,False,False
2023,2514,0.51,0.66,0.52,0.45,309.4,15.8,271.9,1568,1029,26.1,34.1,19.1,75.9,5840,5.27,False,False,,,2380.6584,0,0,0,0,0,0,0,0,0,0,0,0,0,0,0,0,1,0,0,0,0,0,0,0,0,0,0,0,0,0,0,0,0,1,False,False,False,False,False,False,False,False
2023,1944,0.49,0.67,0.53,0.88,217.5,16.1,236.8,1382,983,24.5,32.6,21.3,82.8,5840,6.92,False,True,,,1975.4692,0,0,0,0,0,0,0,0,0,0,0,0,0,0,0,0,0,0,0,0,0,0,0,0,0,0,1,0,0,0,0,1,0,0,False,False,False,False,False,False,False,True
2023,1878,0.37,0.65,0.59,0.7,275.5,14.6,242.7,1212,1000,26.4,34.9,20.0,75.3,5840,6.06,False,True,,,2005.9708,0,0,0,0,0,0,0,0,0,0,0,0,0,0,0,0,1,0,0,0,0,0,0,0,0,0,0,0,0,0,0,0,1,0,False,False,False,False,False,False,False,False
2023,2110,0.41,0.68,0.46,0.76,282.7,24.4,267.2,1478,1172,24.7,33.5,18.3,81.8,5840,5.48,False,True,,,2008.9657,0,1,0,0,0,0,0,0,0,0,0,0,0,0,0,0,0,0,0,0,0,0,0,0,0,0,0,0,0,0,0,0,0,1,False,False,True,False,False,False,False,True
2024,2989,0.41,0.6,0.46,0.56,208.0,19.9,255.5,1416,1164,24.7,33.7,18.2,78.1,5840,6.0,True,False,,,2994.5864,0,1,0,0,0,0,0,0,0,0,0,0,0,0,0,0,0,0,0,0,0,0,0,0,0,0,0,0,0,0,0,0,1,0,False,True,False,False,False,False,True,True
2024,1489,0.4,0.66,0.53,0.6,254.8,9.4,275.2,1554,937,25.6,33.8,19.3,63.0,5840,6.36,True,False,,,1939.6279,0,0,0,0,0,0,0,0,0,0,0,0,0,0,0,0,0,0,0,0,0,0,0,0,0,0,0,1,0,0,0,1,0,0,True,True,False,False,False,False,False,True
2024,1698,0.45,0.62,0.59,0.52,391.1,22.7,158.4,1560,993,25.8,36.8,21.1,82.6,5840,5.15,True,False,,,1728.9596,0,0,0,0,0,0,0,0,0,0,0,0,0,0,0,0,0,0,0,0,0,1,0,0,0,0,0,0,0,0,1,0,0,0,True,True,True,False,False,False,False,True
2024,4560,0.46,0.68,0.49,0.45,390.7,16.2,262.1,1485,994,25.7,35.2,20.8,61.7,5840,5.55,False,False,,,4219.66,0,0,0,0,0,0,0,0,0,0,0,0,0,0,0,0,0,0,0,0,0,0,1,0,0,0,0,0,0,0,0,0,1,0,False,True,False,False,False,False,False,False
2024,3258,0.42,0.58,0.58,0.49,270.5,9.2,277.6,1472,968,24.3,33.9,21.2,73.3,5840,6.61,False,False,,,2653.631,0,0,0,0,1,0,0,0,0,0,0,0,0,0,0,0,0,0,0,0,0,0,0,0,0,0,0,0,0,0,0,0,0,1,True,False,False,False,False,False,False,True
2024,2131,0.42,0.66,0.5,0.8,208.6,17.3,192.9,1568,1135,26.6,35.7,20.1,63.6,5840,5.92,False,False,,,2350.5112,1,0,0,0,0,0,0,0,0,0,0,0,0,0,0,0,0,0,0,0,0,0,0,0,0,0,0,0,0,0,0,1,0,0,False,True,False,False,False,False,False,False
2024,2498,0.52,0.59,0.63,0.74,235.8,15.1,246.1,1261,1036,24.8,36.3,19.8,60.3,5840,6.09,False,True,,,2020.5886,1,0,0,0,0,0,0,0,0,0,0,0,0,0,0,0,0,0,0,0,0,0,0,0,0,0,0,0,0,0,1,0,0,0,True,False,False,False,False,False,False,True
2024,2022,0.51,0.61,0.63,0.67,278.4,22.9,197.1,1283,975,24.4,33.6,18.6,70.6,5840,5.87,False,True,,,2024.6276,0,0,0,0,0,0,0,0,0,0,0,0,0,0,0,0,0,0,1,0,0,0,0,0,0,0,0,0,0,0,0,0,0,1,True,False,False,False,False,False,False,True
2024,1931,0.41,0.59,0.51,0.64,389.6,11.5,293.7,1567,934,26.7,34.5,19.3,67.4,5840,5.09,False,True,,,2018.7827,0,0,0,0,0,0,0,0,0,0,0,0,0,0,0,0,0,0,0,0,0,0,0,0,0,0,0,0,0,1,0,0,0,1,False,False,False,True,False,True,False,False
2023,3483,0.53,0.59,0.5,0.86,228.2,22.0,155.0,1416,900,26.9,32.7,19.7,72.2,5292,5.33,True,False,,,3371.837,0,1,0,0,0,0,0,0,0,0,0,0,0,0,0,0,0,0,0,0,0,0,0,0,0,0,0,0,0,0,0,0,0,1,False,False,False,False,False,False,True,True
2023,2216,0.54,0.72,0.53,0.44,352.7,17.5,237.0,1541,1195,26.6,33.1,18.4,74.4,5292,5.89,True,False,,,2189.879,0,0,0,0,0,0,0,0,0,0,0,0,0,0,0,0,0,0,0,0,1,0,0,0,0,0,0,0,0,0,0,0,1,0,True,False,False,False,False,False,False,True
2023,2112,0.42,0.61,0.5,0.54,221.7,8.9,175.0,1596,959,26.4,36.1,18.9,61.1,5292,5.42,True,False,,,1985.594,0,0,0,0,0,0,0,0,0,0,0,1,0,0,0,0,0,0,0,0,0,0,0,0,0,0,0,0,0,0,0,1,0,0,False,False,False,False,False,False,False,False
2023,4245,0.42,0.74,0.58,0.57,396.3,24.5,256.8,1386,1166,26.0,33.1,20.4,63.1,5292,5.1,False,False,,,4068.02,0,0,0,0,0,0,0,0,0,0,0,0,0,0,0,0,0,0,0,0,0,0,0,0,0,1,0,0,0,0,0,0,0,1,False,False,False,True,False,False,False,False
2023,2540,0.45,0.74,0.62,0.79,276.3,16.7,176.4,1218,1128,25.7,35.2,20.9,74.0,5292,6.69,False,False,,,2677.2456,0,0,0,0,0,1,0,0,0,0,0,0,0,0,0,0,0,0,0,0,0,0,0,0,0,0,0,0,0,0,0,0,1,0,True,False,False,True,False,False,False,True
2023,2495,0.54,0.66,0.58,0.9,355.0,12.9,185.3,1376,1169,24.3,36.3,22.0,68.6,5292,6.96,False,False,,,2420.6804,0,0,0,0,0,0,0,0,0,0,0,0,0,0,0,0,0,0,0,0,0,0,1,0,0,0,0,0,0,0,0,1,0,0,False,False,False,False,False,False,False,True
2023,1948,0.53,0.58,0.61,0.52,268.5,16.0,224.2,1299,1185,25.2,32.6,21.7,78.2,5292,6.59,False,True,,,1979.8866,0,0,0,1,0,0,0,0,0,0,0,0,0,0,0,0,0,0,0,0,0,0,0,0,0,0,0,0,0,0,0,1,0,0,True,False,False,False,False,True,False,True
2023,1793,0.37,0.62,0.53,0.84,325.5,22.6,287.2,1595,1190,25.1,35.4,20.6,76.3,5292,6.71,False,True,,,1988.7012,0,0,0,0,0,0,0,0,0,0,0,0,0,0,0,0,0,0,0,0,0,0,1,0,0,0,0,0,0,0,0,0,1,0,True,True,True,False,False,False,False,True
2023,1992,0.43,0.71,0.48,0.82,238.4,13.2,181.8,1432,1112,24.8,33.5,19.7,81.1,5292,5.48,False,True,,,1962.013,0,0,0,0,0,0,0,0,0,0,1,0,0,0,0,0,0,0,0,0,0,0,0,0,0,0,0,0,0,0,0,0,1,0,False,True,False,False,False,False,False,True
2024,2971,0.46,0.62,0.6,0.51,229.2,11.3,171.6,1275,1064,26.2,37.8,20.5,77.3,5292,6.92,True,False,,,2984.7825,0,0,0,0,0,0,0,0,0,0,0,0,0,0,0,0,0,0,0,0,0,0,0,1,0,0,0,0,0,0,0,0,0,1,True,False,False,False,False,False,False,True
2024,2157,0.45,0.57,0.52,0.6,387.6,10.2,263.8,1464,904,25.5,34.9,21.1,70.7,5292,5.39,True,False,,,2196.5486,0,0,0,0,0,0,0,0,0,0,0,0,0,0,0,0,0,0,0,0,0,0,0,0,0,0,1,0,0,0,0,1,0,0,True,False,False,False,False,False,False,True
2024,2245,0.39,0.66,0.58,0.6,383.5,13.1,225.1,1483,977,24.2,36.8,18.5,76.8,5292,6.9,True,False,,,2076.659,0,0,0,0,0,0,0,0,0,0,0,0,0,0,0,0,1,0,0,0,0,0,0,0,0,0,0,0,0,0,1,0,0,0,True,False,True,False,False,True,False,True
2024,3910,0.52,0.72,0.5,0.89,377.5,21.3,286.8,1405,961,24.7,35.3,19.6,66.9,5292,6.99,False,False,,,3846.3374,0,0,0,0,0,1,0,0,0,0,0,0,0,0,0,0,0,0,0,0,0,0,0,0,0,0,0,0,0,0,0,0,1,0,True,True,False,False,False,False,False,True
2024,2543,0.49,0.71,0.47,0.49,325.1,16.0,172.0,1422,1031,26.0,32.3,21.4,67.7,5292,6.42,False,False,,,2703.447,0,0,0,0,0,0,0,0,0,0,0,0,0,0,0,0,0,0,0,0,0,0,0,1,0,0,0,0,0,0,0,1,0,0,True,False,False,False,False,True,False,True
2024,2582,0.52,0.59,0.65,0.8,361.7,11.9,246.9,1583,988,24.2,35.8,19.5,79.7,5292,6.96,False,False,,,2413.5925,0,0,0,0,1,0,0,0,0,0,0,0,0,0,0,0,0,0,0,0,0,0,0,0,0,0,0,0,0,0,0,1,0,0,False,True,False,False,False,False,False,False
2024,1760,0.52,0.68,0.48,0.57,213.8,10.8,184.9,1251,1136,26.6,37.7,20.3,71.2,5292,6.14,False,True,,,1973.2314,0,0,0,0,0,0,0,0,0,0,0,0,0,0,0,0,0,0,0,1,0,0,0,0,0,0,0,0,0,0,0,0,0,1,True,True,False,False,False,True,False,True
2024,2117,0.5,0.59,0.65,0.77,267.0,13.7,173.5,1538,941,25.5,35.6,20.4,80.0,5292,5.52,False,True,,,2009.1255,0,1,0,0,0,0,0,0,0,0,0,0,0,0,0,0,0,0,0,0,0,0,0,0,0,0,0,0,0,0,1,0,0,0,False,False,False,False,False,False,False,False
2024,2204,0.44,0.59,0.65,0.61,262.7,24.0,252.5,1566,988,25.4,36.9,18.7,80.6,5292,5.87,False,True,,,2017.4016,0,0,0,0,0,1,0,0,0,0,0,0,0,0,0,0,0,0,0,0,0,0,0,0,0,0,0,0,0,0,0,0,0,1,False,True,False,False,False,False,False,False
2023,3120,0.47,0.72,0.61,0.69,327.1,13.8,239.1,1343,1195,25.8,37.3,19.4,81.4,5292,6.19,True,False,,,3143.8188,0,0,0,0,0,0,0,0,0,0,0,0,0,0,0,0,0,0,0,0,0,1,0,0,0,0,0,0,0,0,1,0,0,0,True,False,True,True,False,False,False,True
2023,2395,0.38,0.6,0.58,0.82,271.2,24.8,263.2,1572,1194,26.5,33.4,19.3,82.9,5292,5.15,True,False,,,2157.3965,0,0,0,0,0,0,0,0,0,0,1,0,0,0,0,0,0,0,0,0,0,0,0,0,0,0,0,0,0,0,1,0,0,0,True,False,False,False,True,True,False,True
2023,1542,0.48,0.6,0.57,0.8,229.7,16.2,196.4,1268,1003,25.0,33.3,18.1,70.8,5292,6.24,True,False,,,1869.189,0,0,0,0,0,0,0,0,0,0,0,0,0,0,0,1,0,0,0,0,0,0,0,0,0,0,0,0,0,0,0,0,1,0,False,True,True,False,False,False,False,True
2023,3735,0.39,0.55,0.62,0.83,319.3,11.0,217.2,1298,913,26.0,35.7,18.1,68.0,5292,6.96,False,False,,,3804.055,0,0,0,0,0,0,0,0,0,0,0,0,0,0,0,1,0,0,0,0,0,0,0,0,0,0,0,0,0,0,0,1,0,0,True,False,True,False,False,False,False,True
2023,2405,0.49,0.72,0.51,0.43,362.9,23.1,210.8,1595,1187,25.7,34.5,21.3,74.6,5292,5.38,False,False,,,2678.108,1,0,0,0,0,0,0,0,0,0,0,0,0,0,0,0,0,0,0,0,0,0,0,0,0,0,0,0,0,0,0,1,0,0,False,False,False,False,False,False,False,True
2023,2669,0.4,0.71,0.54,0.75,276.4,15.8,297.6,1224,1078,24.8,37.0,19.1,69.3,5292,6.59,False,False,,,2434.0068,0,0,0,0,0,0,0,0,1,0,0,0,0,0,0,0,0,0,0,0,0,0,0,0,0,0,0,0,0,0,0,1,0,0,True,False,False,False,False,False,False,True
2023,2279,0.37,0.68,0.57,0.47,226.5,20.1,193.8,1578,1024,26.6,37.4,20.1,75.0,5292,6.82,False,True,,,1997.8096,0,0,0,0,0,0,0,0,0,0,0,0,0,0,0,0,0,0,0,0,0,0,0,0,0,0,0,1,0,0,1,0,0,0,False,False,False,False,False,False,False,False
2023,2261,0.38,0.7,0.53,0.61,239.3,24.7,194.2,1252,922,26.4,34.1,19.2,77.6,5292,6.89,False,True,,,1980.1921,0,0,0,0,0,0,0,0,0,0,0,0,0,0,0,0,0,0,0,0,0,0,0,0,0,0,1,0,0,0,0,1,0,0,True,False,False,False,False,False,False,True
2023,1531,0.35,0.58,0.54,0.67,247.5,8.9,203.2,1350,962,26.0,33.4,21.8,77.2,5292,6.92,False,True,,,1973.4698,0,0,0,0,0,1,0,0,0,0,0,0,0,0,0,0,0,0,0,0,0,0,0,0,0,0,0,0,0,0,0,0,1,0,True,True,False,False,False,False,False,True
2024,4000,0.49,0.64,0.52,0.6,260.0,9.6,234.7,1343,1042,26.6,36.7,19.0,69.4,5292,6.04,True,False,,,3631.6116,0,0,0,0,0,0,0,0,0,0,0,0,0,0,0,1,0,0,0,0,0,0,0,0,0,0,0,0,0,0,1,0,0,0,True,False,False,False,False,False,False,True
2024,2240,0.5,0.62,0.56,0.66,328.6,20.2,187.8,1256,1052,26.6,33.6,19.7,64.2,5292,6.95,True,False,,,2183.8186,0,0,0,0,0,0,0,0,0,0,0,0,0,0,0,0,0,0,0,0,0,0,0,0,0,0,0,0,1,0,1,0,0,0,True,False,False,False,False,True,False,True
2024,1844,0.45,0.57,0.62,0.9,320.2,12.8,287.3,1238,1044,26.1,36.9,21.5,70.8,5292,6.51,True,False,,,1873.538,0,0,1,0,0,0,0,0,0,0,0,0,0,0,0,0,0,0,0,0,0,0,0,0,0,0,0,0,0,0,1,0,0,0,True,False,False,False,False,True,False,True
2024,4161,0.38,0.65,0.49,0.47,339.2,11.1,189.9,1308,1124,26.5,34.5,21.4,63.6,5292,5.32,False,False,,,4117.7065,0,0,0,0,0,0,0,0,0,0,0,0,0,0,0,0,0,0,0,1,0,0,0,0,0,0,0,0,0,0,1,0,0,0,False,False,False,False,True,False,False,False
2024,2697,0.37,0.73,0.64,0.74,272.5,8.7,284.4,1380,1003,26.1,36.0,18.7,82.3,5292,5.95,False,False,,,2690.0386,0,0,0,0,0,0,0,0,0,0,0,0,0,0,0,0,0,0,0,0,0,0,0,0,0,0,0,1,0,0,0,0,1,0,True,False,False,False,False,True,False,True
2024,2153,0.35,0.56,0.59,0.6,364.8,8.4,165.5,1241,1003,26.0,32.6,21.2,68.6,5292,6.44,False,False,,,2423.9292,0,0,0,0,0,0,0,0,0,0,0,0,0,0,0,0,0,0,0,0,0,0,0,0,0,0,1,0,0,0,0,1,0,0,False,False,False,False,False,False,False,False
2024,2095,0.38,0.61,0.61,0.47,240.8,21.2,248.5,1385,938,25.9,35.7,19.8,63.9,5292,5.49,False,True,,,1964.2596,0,0,0,1,0,0,0,0,0,0,0,0,0,0,0,0,0,0,0,0,0,0,0,0,0,0,0,0,0,0,0,0,1,0,True,True,False,False,False,False,False,True
2024,1533,0.53,0.59,0.56,0.48,293.8,10.3,286.0,1597,1097,26.3,34.7,19.9,60.6,5292,6.28,False,True,,,1971.4575,0,0,0,0,0,0,0,0,0,0,0,0,0,0,0,0,0,0,1,0,0,0,0,0,0,0,0,0,0,0,0,1,0,0,True,True,False,False,False,False,False,True
2024,1918,0.4,0.6,0.61,0.87,360.2,16.0,175.3,1422,1033,24.5,35.5,18.5,76.1,5292,6.33,False,True,,,1944.4183,0,0,0,0,0,0,0,0,0,0,0,0,0,0,0,0,0,0,0,0,0,0,0,0,0,1,0,0,0,0,0,0,1,0,True,True,False,False,False,True,False,True
2023,3459,0.42,0.73,0.45,0.84,236.0,18.3,295.2,1321,966,26.6,33.0,18.3,75.9,5658,5.33,True,False,,,3427.5466,0,0,1,0,0,0,0,0,0,0,0,0,0,0,0,0,0,0,0,0,0,0,0,0,0,0,0,0,0,0,0,0,0,1,False,False,False,False,False,False,False,False
2023,1582,0.37,0.64,0.61,0.85,222.0,15.3,217.9,1332,1078,26.6,36.4,20.9,68.5,5658,6.13,True,False,,,1973.3077,0,0,0,0,0,0,0,0,0,0,0,0,0,0,0,0,0,0,1,0,0,0,0,0,0,0,0,0,0,0,0,0,0,1,False,False,False,False,False,True,False,False
2023,2103,0.39,0.64,0.46,0.9,376.7,8.5,291.9,1362,941,24.1,37.2,20.0,61.8,5658,6.54,True,False,,,1852.0211,0,0,0,0,0,0,0,0,0,0,0,0,0,0,0,0,0,0,0,1,0,0,0,0,0,0,0,0,0,0,0,0,0,1,True,False,False,False,False,False,False,True
2023,3955,0.45,0.7,0.63,0.5,268.6,21.3,251.5,1414,914,26.5,33.3,19.7,70.2,5658,6.0,False,False,,,4019.9946,0,0,0,0,0,0,1,0,0,0,0,0,0,0,0,0,0,0,0,0,0,0,0,0,0,0,0,0,0,0,0,0,0,1,True,False,False,False,False,True,False,True
2023,2816,0.47,0.58,0.65,0.58,336.8,8.2,195.2,1420,1010,24.4,32.6,20.9,67.8,5658,5.02,False,False,,,2722.932,0,0,0,0,0,0,0,0,0,0,0,0,0,0,0,0,0,0,0,1,0,0,0,0,0,0,0,0,0,0,1,0,0,0,True,False,False,False,False,False,False,True
2023,2293,0.4,0.65,0.51,0.73,205.1,21.0,178.2,1434,1056,25.0,32.1,21.1,76.9,5658,5.02,False,False,,,2373.9907,0,0,0,0,0,0,0,0,1,0,0,0,0,0,0,0,0,0,0,0,0,0,0,0,0,0,0,0,0,0,1,0,0,0,False,False,False,False,False,False,False,False
2023,1823,0.36,0.64,0.49,0.64,338.0,23.2,195.6,1530,1188,26.2,35.9,18.6,75.1,5658,5.71,False,True,,,1985.8691,1,0,0,0,0,0,0,0,0,0,0,0,0,0,0,0,0,0,0,0,0,0,0,0,0,0,0,0,0,0,0,0,1,0,True,False,False,False,False,False,True,True
2023,2002,0.43,0.67,0.6,0.61,263.2,15.4,164.0,1345,1130,24.5,35.6,20.4,69.1,5658,6.85,False,True,,,1987.4746,0,0,0,0,0,0,0,1,0,0,0,0,0,0,0,0,0,0,0,0,0,0,0,0,0,0,0,0,0,0,0,0,1,0,False,False,False,False,False,False,False,False
2023,1959,0.4,0.75,0.5,0.58,211.1,17.1,171.6,1438,1056,26.5,35.3,18.5,65.4,5658,5.46,False,True,,,2003.8536,0,0,0,0,0,0,1,0,0,0,0,0,0,0,0,0,0,0,0,0,0,0,0,0,0,0,0,0,0,0,0,0,0,1,True,False,False,False,False,False,False,True
2024,3634,0.39,0.7,0.62,0.7,322.0,16.1,165.7,1275,937,26.5,33.4,21.0,84.7,5658,6.27,True,False,,,3549.9155,0,0,0,0,0,0,0,0,0,0,0,0,0,0,0,0,0,1,0,0,0,0,0,0,0,0,0,0,0,0,0,1,0,0,False,True,False,False,False,False,False,False
2024,1718,0.54,0.63,0.47,0.69,248.2,14.6,213.4,1208,996,25.5,34.3,20.6,71.4,5658,5.44,True,False,,,2006.1522,0,0,0,0,0,0,0,1,0,0,0,0,0,0,0,0,0,0,0,0,0,0,0,0,0,0,0,0,0,0,0,0,0,1,True,True,False,False,True,False,False,True
2024,1961,0.47,0.72,0.48,0.48,277.4,23.1,269.3,1273,1188,24.0,35.6,21.8,77.2,5658,5.64,True,False,,,1778.3273,1,0,0,0,0,0,0,0,0,0,0,0,0,0,0,0,0,0,0,0,0,0,0,0,0,0,0,0,0,0,0,0,1,0,True,False,False,False,False,False,False,True
2024,4273,0.46,0.58,0.65,0.64,216.1,23.2,171.2,1452,1153,24.9,35.0,18.3,63.5,5658,6.7,False,False,,,4158.7354,0,0,0,0,0,0,0,0,0,0,1,0,0,0,0,0,0,0,0,0,0,0,0,0,0,0,0,0,0,0,0,0,0,1,True,False,False,True,False,True,False,True
2024,2478,0.43,0.56,0.58,0.68,229.4,13.7,169.5,1429,1095,25.9,37.9,18.2,72.1,5658,6.46,False,False,,,2681.335,0,0,0,0,0,0,0,0,0,0,0,0,0,0,0,0,0,0,0,0,0,0,0,0,0,0,0,1,0,0,0,0,1,0,True,False,False,False,False,True,False,True
2024,2365,0.44,0.59,0.62,0.69,259.6,18.5,246.5,1206,985,26.9,32.8,19.1,60.7,5658,5.19,False,False,,,2384.843,0,0,0,0,0,0,0,0,0,0,0,0,0,0,0,0,0,0,0,0,0,0,0,0,1,0,0,0,0,0,0,0,0,1,True,False,False,False,False,False,False,True
2024,2020,0.46,0.62,0.51,0.51,218.0,23.8,179.6,1373,909,25.9,36.2,19.0,72.6,5658,5.86,False,True,,,2074.3594,0,0,0,0,0,0,0,0,0,0,0,0,0,0,0,0,0,0,0,0,0,0,0,0,1,0,0,0,0,0,0,1,0,0,True,False,False,False,False,False,False,True
2024,1768,0.49,0.65,0.59,0.77,382.2,24.4,164.6,1340,904,24.8,34.4,19.0,84.1,5658,5.06,False,True,,,2001.3356,0,0,0,0,0,0,0,0,0,0,0,0,0,0,0,0,0,1,0,0,0,0,0,0,0,0,0,0,0,0,0,0,0,1,True,False,False,False,False,True,False,True
2024,2088,0.49,0.67,0.57,0.41,201.2,16.7,175.0,1367,1022,25.9,34.6,21.6,69.6,5658,5.96,False,True,,,2055.0378,0,0,0,0,0,0,0,0,0,0,0,0,0,0,0,0,0,0,0,0,0,0,1,0,0,0,0,0,0,0,0,1,0,0,True,True,True,False,False,False,False,True
2023,3336,0.38,0.73,0.57,0.58,296.8,15.7,288.6,1369,1017,25.6,36.3,19.0,61.0,5658,6.32,True,False,,,3341.4897,0,0,0,0,0,0,0,0,0,0,0,0,0,0,0,0,0,0,0,0,0,0,0,0,0,0,0,0,0,1,0,1,0,0,True,False,False,False,False,True,False,True
2023,2430,0.45,0.65,0.59,0.79,224.6,12.7,273.2,1592,1193,26.3,36.2,19.1,60.8,5658,5.24,True,False,,,2203.082,0,0,0,0,0,0,0,0,0,1,0,0,0,0,0,0,0,0,0,0,0,0,0,0,0,0,0,0,0,0,0,0,1,0,True,False,False,False,False,True,False,True
2023,1980,0.43,0.65,0.57,0.68,261.5,24.3,203.1,1482,1058,24.3,37.9,21.0,69.7,5658,5.58,True,False,,,1902.666,0,0,1,0,0,0,0,0,0,0,0,0,0,0,0,0,0,0,0,0,0,0,0,0,0,0,0,0,0,0,0,1,0,0,True,False,True,False,False,True,False,True
2023,4317,0.52,0.56,0.54,0.53,385.2,10.4,248.4,1321,1127,26.3,32.8,19.8,64.0,5658,5.8,False,False,,,4213.282,0,0,0,0,0,0,1,0,0,0,0,0,0,0,0,0,0,0,0,0,0,0,0,0,0,0,0,0,0,0,1,0,0,0,True,False,False,False,False,False,False,True
2023,2352,0.48,0.56,0.51,0.75,232.3,17.9,230.6,1393,1115,25.6,32.6,21.1,60.6,5658,6.84,False,False,,,2640.4385,0,0,0,0,0,0,0,0,0,0,0,0,0,0,0,0,0,0,0,0,0,0,0,0,0,0,0,1,0,0,1,0,0,0,True,False,False,False,False,True,False,True
2023,2006,0.46,0.66,0.6,0.68,393.2,12.8,251.6,1204,1083,26.9,36.3,18.3,78.9,5658,6.99,False,False,,,2394.7266,0,0,0,0,0,0,0,0,0,0,0,0,0,0,0,1,0,0,0,0,0,0,0,0,0,0,0,0,0,0,1,0,0,0,True,False,False,False,False,False,False,True
2023,2050,0.37,0.64,0.5,0.8,241.2,12.7,252.4,1228,914,25.0,35.5,20.0,71.5,5658,5.09,False,True,,,1934.9183,0,0,0,0,0,0,0,0,0,0,0,0,0,0,0,0,0,0,0,0,0,0,0,0,0,1,0,0,0,0,0,0,1,0,True,False,False,False,False,True,True,True
2023,1789,0.47,0.72,0.59,0.77,348.3,14.9,244.3,1364,1056,25.9,33.6,18.1,67.2,5658,6.52,False,True,,,1956.7239,0,0,0,0,0,0,0,0,0,0,0,0,0,0,0,1,0,0,0,0,0,0,0,0,0,0,0,0,0,0,1,0,0,0,True,False,True,False,False,False,True,True
2023,1863,0.37,0.58,0.5,0.71,309.3,25.0,189.9,1538,1035,26.8,32.5,18.3,82.5,5658,5.74,False,True,,,1949.0372,0,0,0,0,0,0,0,0,0,0,0,0,0,0,0,0,0,0,0,0,0,0,0,0,1,0,0,0,0,0,0,0,1,0,True,False,False,False,False,False,False,True
2024,3192,0.42,0.55,0.58,0.64,376.9,8.9,155.9,1335,1160,24.3,32.5,21.6,62.9,5658,5.78,True,False,,,3179.837,0,0,0,0,0,0,0,0,0,0,0,0,0,0,0,0,0,0,0,1,0,0,0,0,0,0,0,0,0,0,0,0,1,0,True,True,True,False,False,False,False,True
2024,2203,0.38,0.64,0.6,0.47,310.8,17.8,218.3,1564,1056,26.8,37.4,18.6,83.9,5658,6.51,True,False,,,2187.6985,0,0,0,0,0,0,0,0,0,0,0,0,0,0,0,0,0,0,0,0,0,0,0,0,0,0,0,1,0,0,1,0,0,0,True,False,False,False,False,False,False,True
2024,1943,0.49,0.6,0.49,0.53,306.9,9.4,283.6,1520,946,26.1,33.2,20.1,67.8,5658,6.84,True,False,,,1909.8306,0,0,0,0,0,0,0,0,0,0,0,0,0,0,0,0,1,0,0,0,0,0,0,0,0,0,0,0,0,0,0,1,0,0,True,False,True,True,False,True,False,True
2024,3873,0.39,0.56,0.46,0.61,239.1,10.6,235.4,1541,1072,24.2,33.9,19.6,82.2,5658,6.9,False,False,,,3874.0015,0,1,0,0,0,0,0,0,0,0,0,0,0,0,0,0,0,0,0,0,0,0,0,0,0,0,0,0,0,0,0,0,0,1,True,False,False,False,False,True,False,True
2024,2937,0.43,0.69,0.48,0.7,233.2,15.5,274.9,1344,1029,24.9,33.4,19.4,75.1,5658,6.15,False,False,,,2650.9568,1,0,0,0,0,0,0,0,0,0,0,0,0,0,0,0,0,0,0,0,0,0,0,0,0,0,0,0,0,0,0,0,1,0,True,False,False,True,False,False,False,True
2024,2238,0.53,0.57,0.57,0.66,383.3,16.7,298.7,1526,994,26.1,34.1,21.6,80.7,5658,5.71,False,False,,,2395.1677,0,0,0,0,0,0,0,0,0,0,0,0,0,0,0,1,0,0,0,0,0,0,0,0,0,0,0,0,0,0,1,0,0,0,False,True,False,False,True,False,True,True
2024,1704,0.39,0.67,0.62,0.54,265.6,12.4,174.5,1416,1014,24.2,32.4,18.1,84.6,5658,6.58,False,True,,,1911.8346,0,0,0,0,0,0,0,0,0,0,0,0,0,0,0,0,0,0,0,0,0,0,0,0,0,0,0,0,0,1,0,0,1,0,False,False,False,False,False,False,False,False
2024,1819,0.45,0.61,0.46,0.4,274.4,13.4,253.8,1500,1142,25.7,35.1,20.7,67.2,5658,5.5,False,True,,,1935.6149,0,0,0,0,0,0,0,0,0,0,0,1,0,0,0,0,0,0,0,0,0,0,0,0,0,0,0,0,0,0,0,1,0,0,False,False,True,False,False,False,False,True
2024,1523,0.43,0.58,0.6,0.65,352.0,9.5,251.1,1331,1191,25.0,32.4,21.9,84.0,5658,6.13,False,True,,,1860.1913,0,0,0,0,1,0,0,0,0,0,0,0,0,0,0,0,0,0,0,0,0,0,0,0,0,0,0,0,0,0,0,1,0,0,True,False,True,False,False,False,False,True
2023,3264,0.35,0.63,0.52,0.54,267.8,13.2,297.0,1491,1181,25.9,36.8,20.2,69.7,5658,5.72,True,False,,,3054.8982,0,0,0,0,1,0,0,0,0,0,0,0,0,0,0,0,0,0,0,0,0,0,0,0,0,0,0,0,0,0,1,0,0,0,True,False,False,False,False,False,False,True
2023,1718,0.51,0.71,0.55,0.77,390.4,24.4,297.8,1269,1198,24.1,33.4,21.7,69.6,5658,6.31,True,False,,,2152.208,0,0,0,0,0,0,0,0,0,0,0,0,0,0,0,0,0,0,0,0,0,0,0,0,0,0,1,0,0,0,0,0,1,0,False,False,False,False,False,False,False,False
2023,1917,0.36,0.63,0.64,0.41,347.6,24.1,253.0,1451,1182,26.6,35.2,18.2,68.5,5658,5.48,True,False,,,1859.571,0,0,0,0,0,0,0,0,0,0,0,0,0,0,0,0,0,0,0,0,0,0,1,0,0,0,0,0,0,0,0,0,0,1,True,True,False,False,False,False,True,True
2023,4069,0.44,0.7,0.52,0.69,319.5,13.7,186.5,1474,968,26.9,37.3,19.7,73.5,5658,5.38,False,False,,,4133.868,0,0,0,0,0,0,0,0,1,0,0,0,0,0,0,0,0,0,0,0,0,0,0,0,0,0,0,0,0,0,0,0,0,1,False,False,False,False,False,False,False,False
2023,3202,0.46,0.58,0.54,0.87,376.2,17.7,269.8,1563,1047,26.9,35.9,19.0,63.9,5658,6.84,False,False,,,2731.1711,0,0,0,0,0,0,0,0,1,0,0,0,0,0,0,0,0,0,0,0,0,0,0,0,0,0,0,0,0,0,0,0,1,0,False,False,False,False,False,True,False,False
2023,2409,0.48,0.7,0.45,0.49,209.9,23.5,166.1,1381,910,26.2,35.2,20.9,73.8,5658,5.2,False,False,,,2454.321,0,0,1,0,0,0,0,0,0,0,0,0,0,0,0,0,0,0,0,0,0,0,0,0,0,0,0,0,0,0,0,0,1,0,True,True,True,False,False,False,False,True
2023,2545,0.49,0.6,0.47,0.64,251.4,8.1,267.1,1366,1153,24.4,33.9,21.9,73.5,5658,6.01,False,True,,,2074.979,0,0,0,0,0,0,0,0,0,0,0,0,0,0,0,0,0,0,1,0,0,0,0,0,0,0,0,0,0,0,0,0,1,0,True,False,False,False,False,False,True,True
2023,1751,0.4,0.69,0.5,0.45,293.0,21.8,286.5,1290,937,26.3,34.0,19.0,79.0,5658,5.44,False,True,,,1914.3049,0,0,0,0,0,0,0,0,0,0,0,0,0,0,0,1,0,0,0,0,0,0,0,0,0,0,0,0,0,0,1,0,0,0,False,False,False,False,False,False,False,False
2023,1893,0.35,0.66,0.46,0.71,245.4,24.1,207.4,1401,1033,24.1,36.0,20.6,80.8,5658,5.08,False,True,,,1983.9835,0,0,0,0,0,0,0,0,0,0,0,0,0,0,0,1,0,0,0,0,0,0,0,0,0,0,0,0,0,0,0,1,0,0,True,False,True,False,False,False,False,True
2024,3381,0.49,0.74,0.58,0.68,348.8,9.6,244.6,1545,1099,24.1,38.0,18.8,71.0,5658,5.07,True,False,,,3090.9885,0,0,1,0,0,0,0,0,0,0,0,0,0,0,0,0,0,0,0,0,0,0,0,0,0,0,0,0,0,0,0,0,0,1,True,False,False,False,False,False,False,True
2024,2437,0.46,0.63,0.54,0.6,383.8,10.7,214.5,1218,922,25.0,36.0,20.3,67.6,5658,5.35,True,False,,,2158.6633,0,0,0,0,0,0,0,0,0,0,0,0,0,0,0,0,0,0,0,1,0,0,0,0,0,0,0,0,0,0,1,0,0,0,True,False,False,False,True,False,False,True
2024,1378,0.52,0.56,0.56,0.66,284.8,24.3,215.7,1238,1117,25.5,35.3,19.9,66.5,5658,6.73,True,False,,,1756.456,0,0,0,0,0,0,0,0,0,0,0,0,0,0,0,0,0,0,0,0,0,0,0,1,0,0,0,0,0,0,0,0,1,0,False,False,False,False,False,False,False,False
2024,4488,0.51,0.55,0.48,0.85,268.4,17.1,196.6,1325,1040,26.3,36.4,21.9,64.9,5658,5.56,False,False,,,4275.308,0,0,0,0,0,0,0,0,0,0,0,0,0,0,0,0,0,0,0,0,0,1,0,0,0,0,0,0,0,0,0,0,1,0,True,False,False,False,False,False,False,True
2024,3186,0.52,0.72,0.51,0.5,392.3,8.2,264.3,1372,1003,26.0,34.8,20.4,61.4,5658,6.9,False,False,,,2767.532,0,0,0,0,0,0,0,0,0,0,0,0,0,0,0,0,0,0,0,0,0,0,0,1,0,0,0,0,0,0,0,1,0,0,False,False,False,False,False,False,False,False
2024,2169,0.45,0.65,0.58,0.41,289.0,12.4,290.4,1340,1109,25.3,32.4,19.4,68.6,5658,6.16,False,False,,,2379.3604,1,0,0,0,0,0,0,0,0,0,0,0,0,0,0,0,0,0,0,0,0,0,0,0,0,0,0,0,0,0,0,0,1,0,True,False,False,False,False,False,False,True
2024,1786,0.42,0.71,0.64,0.83,297.8,15.6,291.1,1441,1010,24.8,35.4,18.5,66.8,5658,5.87,False,True,,,1951.4222,0,0,0,0,0,0,0,0,0,0,0,0,0,0,0,0,0,0,0,0,0,0,0,1,0,0,0,0,0,0,1,0,0,0,True,False,False,True,False,True,False,True
2024,2309,0.51,0.6,0.46,0.69,270.3,19.8,176.2,1419,1003,27.0,37.7,18.6,84.2,5658,6.16,False,True,,,1910.05,0,0,0,0,0,0,0,0,0,0,0,0,0,0,0,0,0,0,0,1,0,0,0,0,0,0,0,0,0,0,1,0,0,0,True,True,False,False,False,False,False,True
2024,2032,0.44,0.62,0.63,0.85,381.9,20.5,281.2,1325,1070,25.3,33.1,18.9,73.9,5658,6.03,False,True,,,1998.9596,0,0,0,0,0,0,0,0,0,0,1,0,0,0,0,0,0,0,0,0,0,0,0,0,0,0,0,0,0,0,0,1,0,0,True,False,False,False,False,False,False,True
2023,3477,0.39,0.56,0.57,0.7,313.8,24.9,260.6,1257,1032,25.4,36.1,19.0,68.7,5840,6.52,True,False,,,3249.9526,0,0,0,0,0,0,0,0,0,0,0,0,0,0,0,0,1,0,0,0,0,0,0,0,0,0,0,0,0,0,1,0,0,0,True,True,False,False,False,False,False,True
2023,2583,0.52,0.74,0.56,0.81,352.4,12.9,187.9,1347,1192,24.5,33.2,21.4,74.5,5840,5.56,True,False,,,2183.2583,0,0,0,0,0,0,0,1,0,0,0,0,0,0,0,0,0,0,0,0,0,0,0,0,0,0,0,0,0,0,0,0,0,1,False,False,False,False,False,False,False,False
2023,1552,0.53,0.68,0.55,0.61,362.4,17.1,160.1,1516,1026,26.4,35.2,20.2,63.5,5840,5.71,True,False,,,1806.8562,0,0,0,1,0,0,0,0,0,0,0,0,0,0,0,0,0,0,0,0,0,0,0,0,0,0,0,0,0,0,1,0,0,0,True,False,False,False,False,False,False,True
2023,4314,0.44,0.74,0.46,0.77,268.4,17.1,190.2,1582,1005,26.1,32.6,20.1,71.1,5840,6.79,False,False,,,4156.413,0,0,0,0,0,1,0,0,0,0,0,0,0,0,0,0,0,0,0,0,0,0,0,0,0,0,0,0,0,0,1,0,0,0,True,False,True,False,True,True,False,True
2023,2613,0.37,0.6,0.47,0.86,286.7,14.9,286.8,1560,991,24.7,34.7,18.5,75.7,5840,6.89,False,False,,,2698.8032,0,0,0,0,0,0,0,1,0,0,0,0,0,0,0,0,0,0,0,0,0,0,0,0,0,0,0,0,0,0,1,0,0,0,False,False,False,False,False,False,False,False
2023,2077,0.43,0.67,0.57,0.69,369.7,10.9,245.0,1200,1186,24.2,36.5,21.4,72.2,5840,6.79,False,False,,,2392.5645,0,0,0,0,0,0,0,0,0,0,0,0,0,0,0,0,0,0,0,1,0,0,0,0,0,0,0,0,0,0,0,0,0,1,False,True,False,False,False,False,True,True
2023,1775,0.51,0.69,0.52,0.49,272.7,24.6,258.2,1586,950,26.0,34.1,20.9,70.0,5840,5.84,False,True,,,1970.3969,0,0,0,0,0,0,0,0,0,0,0,0,0,0,0,0,0,0,0,0,0,0,0,0,0,0,0,0,0,1,0,0,1,0,False,False,False,False,False,False,False,False
2023,2067,0.53,0.61,0.63,0.53,358.8,22.5,188.6,1547,928,26.0,36.0,18.3,84.8,5840,6.56,False,True,,,1984.8296,0,0,1,0,0,0,0,0,0,0,0,0,0,0,0,0,0,0,0,0,0,0,0,0,0,0,0,0,0,0,1,0,0,0,False,False,False,False,False,True,False,False
2023,1678,0.39,0.72,0.53,0.5,388.2,16.5,257.9,1389,1195,24.8,36.8,20.8,82.0,5840,5.95,False,True,,,2061.0679,0,0,0,0,0,0,0,0,0,0,0,0,0,0,0,1,0,0,0,0,0,0,0,0,0,0,0,0,0,0,0,1,0,0,False,False,False,False,False,False,False,False
2024,2844,0.36,0.74,0.48,0.52,324.6,18.3,154.2,1390,1196,26.9,37.6,20.2,75.6,5840,6.0,True,False,,,3016.3206,0,0,0,0,0,0,0,0,0,0,0,0,0,0,0,0,0,0,0,0,0,0,0,0,0,0,0,0,0,1,0,0,0,1,True,True,False,False,False,True,True,True
2024,2646,0.53,0.73,0.59,0.55,348.3,11.9,206.3,1568,1113,24.5,33.4,18.3,74.2,5840,5.41,True,False,,,2168.0222,0,0,0,0,0,0,0,0,0,0,0,0,0,0,0,0,0,0,0,0,0,0,0,0,1,0,0,0,0,0,0,1,0,0,True,False,False,False,False,False,False,True
2024,1517,0.43,0.7,0.51,0.68,361.0,17.2,244.0,1511,1166,25.3,34.4,19.8,75.5,5840,6.18,True,False,,,1759.3058,0,0,1,0,0,0,0,0,0,0,0,0,0,0,0,0,0,0,0,0,0,0,0,0,0,0,0,0,0,0,1,0,0,0,True,False,False,False,True,False,False,True
2024,3780,0.46,0.61,0.56,0.69,369.0,19.8,171.9,1316,1156,26.8,32.9,19.9,65.0,5840,5.37,False,False,,,3854.0146,0,0,0,0,0,0,0,0,0,0,0,0,0,0,0,0,0,0,0,0,0,0,0,0,1,0,0,0,0,0,0,1,0,0,True,True,False,True,False,False,False,True
2024,3208,0.54,0.61,0.59,0.61,279.0,16.8,273.5,1333,1000,25.3,38.0,18.7,69.9,5840,5.66,False,False,,,2813.9607,0,0,0,0,0,0,0,0,0,0,0,0,0,0,0,0,0,0,0,0,0,0,0,0,0,0,0,0,1,0,1,0,0,0,False,False,False,False,False,True,False,True
2024,2143,0.36,0.74,0.63,0.71,210.3,24.8,185.3,1257,1009,25.9,37.6,21.8,61.0,5840,6.71,False,False,,,2381.196,0,0,0,0,0,0,0,0,0,0,0,0,0,0,0,0,0,1,0,0,0,0,0,0,0,0,0,0,0,0,0,0,0,1,True,False,False,False,False,False,False,True
2024,1894,0.48,0.55,0.61,0.44,280.4,18.4,247.8,1243,1081,25.2,35.2,21.4,71.9,5840,5.41,False,True,,,1967.0045,0,0,0,0,0,0,0,0,0,0,0,0,0,1,0,0,0,0,0,0,0,0,0,0,0,0,0,0,0,0,0,1,0,0,True,True,False,False,False,False,False,True
2024,2739,0.36,0.69,0.59,0.44,334.8,14.3,210.8,1372,900,24.8,37.1,20.7,73.6,5840,5.14,False,True,,,2134.9602,0,0,0,0,0,0,0,0,0,0,0,0,0,0,0,0,0,1,0,0,0,0,0,0,0,0,0,0,0,0,0,1,0,0,False,False,False,True,False,False,False,False
2024,1909,0.43,0.69,0.59,0.49,290.1,21.1,239.4,1359,954,27.0,35.1,19.8,65.7,5840,5.14,False,True,,,1975.2589,0,1,0,0,0,0,0,0,0,0,0,0,0,0,0,0,0,0,0,0,0,0,0,0,0,0,0,0,0,0,1,0,0,0,True,False,False,False,False,False,False,True
2023,3403,0.51,0.67,0.64,0.66,349.8,10.9,166.1,1372,1048,25.2,35.7,19.6,84.1,5475,6.88,True,False,,,3305.8792,0,0,0,0,0,0,0,0,0,0,0,0,0,0,0,0,0,0,0,0,0,1,0,0,0,0,0,0,0,0,1,0,0,0,True,True,False,False,False,False,True,True
2023,2016,0.44,0.75,0.51,0.51,271.4,14.5,152.5,1516,1036,26.7,32.5,20.6,82.7,5475,6.01,True,False,,,2001.6376,0,0,1,0,0,0,0,0,0,0,0,0,0,0,0,0,0,0,0,0,0,0,0,0,0,0,0,0,0,0,0,0,1,0,True,False,False,False,False,True,False,True
2023,1935,0.55,0.61,0.45,0.54,326.9,13.9,286.4,1502,1101,24.7,36.5,20.2,78.1,5475,5.82,True,False,,,1810.6075,0,0,0,0,0,0,0,0,0,0,0,0,0,0,0,1,0,0,0,0,0,0,0,0,0,0,0,0,0,0,1,0,0,0,False,False,False,False,False,False,False,False
2023,3358,0.46,0.62,0.5,0.6,237.3,15.3,190.4,1348,1016,24.6,32.8,18.2,73.3,5475,6.62,False,False,,,3673.8367,0,0,0,0,0,0,0,0,0,0,0,0,0,0,0,0,0,0,0,0,0,0,0,0,0,0,0,0,1,0,1,0,0,0,True,True,False,False,False,False,False,True
2023,2602,0.41,0.57,0.49,0.81,349.9,21.3,273.0,1279,1053,24.1,37.0,20.1,81.7,5475,6.67,False,False,,,2692.006,0,0,0,0,0,0,0,0,1,0,0,0,0,0,0,0,0,0,0,0,0,0,0,0,0,0,0,0,0,0,0,0,1,0,False,False,False,False,False,False,False,False
2023,2376,0.39,0.64,0.58,0.41,309.1,16.2,299.9,1573,1190,26.0,36.7,21.2,63.3,5475,5.66,False,False,,,2468.8506,0,0,0,1,0,0,0,0,0,0,0,0,0,0,0,0,0,0,0,0,0,0,0,0,0,0,0,0,0,0,1,0,0,0,True,False,False,False,False,False,False,True
2023,1539,0.42,0.6,0.58,0.72,240.8,21.5,181.7,1412,962,25.1,36.3,19.8,79.8,5475,6.39,False,True,,,2003.3656,1,0,0,0,0,0,0,0,0,0,0,0,0,0,0,0,0,0,0,0,0,0,0,0,0,0,0,0,0,0,1,0,0,0,True,False,False,True,False,False,True,True
2023,2273,0.42,0.62,0.57,0.73,258.4,17.8,189.8,1402,1143,26.6,32.2,18.2,63.1,5475,6.54,False,True,,,2029.0531,0,0,0,1,0,0,0,0,0,0,0,0,0,0,0,0,0,0,0,0,0,0,0,0,0,0,0,0,0,0,0,0,1,0,True,True,False,False,False,False,False,True
2023,1847,0.36,0.72,0.45,0.8,349.7,13.8,249.4,1451,924,25.4,33.8,21.1,79.9,5475,6.31,False,True,,,1995.1748,1,0,0,0,0,0,0,0,0,0,0,0,0,0,0,0,0,0,0,0,0,0,0,0,0,0,0,0,0,0,0,0,0,1,True,False,True,False,False,True,False,True
2024,2731,0.42,0.74,0.6,0.87,296.5,21.8,294.8,1428,989,26.9,33.6,18.8,66.9,5475,5.3,True,False,,,3539.1797,0,0,0,0,0,0,0,0,0,0,0,0,0,1,0,0,0,0,0,0,0,0,0,0,0,0,0,0,0,0,0,0,0,1,True,False,False,False,False,True,False,True
2024,1882,0.44,0.59,0.51,0.41,243.2,12.1,287.4,1363,974,24.6,34.2,19.0,81.9,5475,6.75,True,False,,,2004.1644,0,0,0,0,0,0,0,0,0,0,0,0,0,0,0,0,0,0,0,0,1,0,0,0,0,0,0,0,0,0,1,0,0,0,True,True,False,False,False,False,False,True
2024,1796,0.49,0.62,0.58,0.48,393.5,11.8,225.4,1426,1193,26.6,32.5,18.7,83.6,5475,6.08,True,False,,,1789.7241,0,0,0,0,0,0,0,0,0,0,0,0,0,0,0,1,0,0,0,0,0,0,0,0,0,0,0,0,0,0,1,0,0,0,True,False,False,False,False,True,False,True
2024,3502,0.48,0.74,0.56,0.84,343.0,16.6,269.3,1346,1109,26.3,37.6,19.3,63.7,5475,5.56,False,False,,,3643.9585,0,0,0,0,0,0,0,0,0,0,0,0,0,0,0,0,0,0,0,1,0,0,0,0,0,0,0,0,0,0,0,0,1,0,True,False,False,False,False,False,False,True
2024,2789,0.49,0.56,0.52,0.63,391.4,12.4,170.4,1219,916,26.3,35.3,21.0,71.6,5475,5.85,False,False,,,2690.6704,0,0,0,0,0,0,0,0,0,0,0,0,0,0,0,0,0,0,0,0,0,0,0,1,0,0,0,0,0,0,0,0,1,0,True,False,False,True,False,False,False,True
2024,2850,0.35,0.57,0.48,0.68,285.4,8.2,296.6,1246,1027,26.5,33.8,20.1,84.5,5475,5.08,False,False,,,2461.046,0,0,0,0,0,0,0,1,0,0,0,0,0,0,0,0,0,0,0,0,0,0,0,0,0,0,0,0,0,0,0,0,0,1,True,True,False,False,False,False,False,True
2024,1741,0.39,0.58,0.47,0.73,295.0,19.0,294.7,1432,1150,26.3,34.4,18.8,72.1,5475,5.26,False,True,,,1992.9167,0,0,0,0,0,0,1,0,0,0,0,0,0,0,0,0,0,0,0,0,0,0,0,0,0,0,0,0,0,0,0,1,0,0,False,False,False,False,False,False,False,False
2024,2342,0.48,0.67,0.62,0.74,379.6,16.7,174.6,1504,1078,25.9,34.7,21.5,81.6,5475,6.53,False,True,,,2028.1157,0,0,1,0,0,0,0,0,0,0,0,0,0,0,0,0,0,0,0,0,0,0,0,0,0,0,0,0,0,0,1,0,0,0,True,False,False,False,False,False,False,True
2024,1663,0.45,0.58,0.63,0.87,305.0,15.6,194.9,1213,1081,24.4,35.6,21.5,74.7,5475,5.0,False,True,,,2006.7036,0,0,0,0,0,0,0,0,0,0,0,0,0,0,0,0,1,0,0,0,0,0,0,0,0,0,0,0,0,0,0,1,0,0,True,False,False,False,False,True,False,True
